config	workload	concurrency	run	reqs	p50	p95	p99	2xx	5xx	others
meta	process_default	idle	1	29356 5.5 2
process_default	A_text	1	1	reqs=35.76 p50=27.3 p95=30.0 p99=35.8 2xx=287 5xx=0 others=0
process_default	A_text	1	2	reqs=36.99 p50=27.2 p95=29.9 p99=31.4 2xx=289 5xx=0 others=0
process_default	A_text	1	3	reqs=35.00 p50=27.8 p95=32.1 p99=40.0 2xx=281 5xx=0 others=0
process_default	A_text	4	1	reqs=71.22 p50=56.7 p95=68.7 p99=72.5 2xx=287 5xx=286 others=0
process_default	A_text	4	2	reqs=72.54 p50=57.9 p95=65.2 p99=73.9 2xx=291 5xx=292 others=0
process_default	A_text	4	3	reqs=71.52 p50=58.3 p95=66.7 p99=73.1 2xx=288 5xx=288 others=0
process_default	A_text	16	1	reqs=71.30 p50=223.4 p95=240.3 p99=257.2 2xx=293 5xx=293 others=0
process_default	A_text	16	2	reqs=70.96 p50=224.2 p95=249.3 p99=260.4 2xx=291 5xx=291 others=0
process_default	A_text	16	3	reqs=69.99 p50=228.9 p95=247.7 p99=254.1 2xx=287 5xx=288 others=0
process_default	B_json	1	1	reqs=35.34 p50=27.8 p95=30.9 p99=32.7 2xx=282 5xx=0 others=0
process_default	B_json	1	2	reqs=35.58 p50=27.4 p95=30.3 p99=32.5 2xx=285 5xx=0 others=0
process_default	B_json	1	3	reqs=36.05 p50=27.3 p95=30.0 p99=33.6 2xx=285 5xx=0 others=0
process_default	B_json	4	1	reqs=69.75 p50=57.9 p95=70.7 p99=77.5 2xx=280 5xx=282 others=0
process_default	B_json	4	2	reqs=69.19 p50=58.9 p95=72.4 p99=82.8 2xx=277 5xx=280 others=0
process_default	B_json	4	3	reqs=70.52 p50=56.9 p95=68.8 p99=73.8 2xx=283 5xx=283 others=0
process_default	B_json	16	1	reqs=70.22 p50=226.3 p95=242.3 p99=246.2 2xx=289 5xx=289 others=0
process_default	B_json	16	2	reqs=71.16 p50=223.2 p95=239.7 p99=244.2 2xx=292 5xx=293 others=0
process_default	B_json	16	3	reqs=71.76 p50=222.6 p95=234.8 p99=238.9 2xx=295 5xx=295 others=0
process_default	C_query	1	1	reqs=34.84 p50=28.9 p95=32.2 p99=36.4 2xx=278 5xx=0 others=0
process_default	C_query	1	2	reqs=33.59 p50=29.3 p95=38.1 p99=44.7 2xx=269 5xx=0 others=0
process_default	C_query	1	3	reqs=34.67 p50=28.8 p95=32.3 p99=36.6 2xx=277 5xx=0 others=0
process_default	C_query	4	1	reqs=70.15 p50=55.9 p95=68.0 p99=71.9 2xx=282 5xx=282 others=0
process_default	C_query	4	2	reqs=69.42 p50=59.3 p95=70.1 p99=74.3 2xx=280 5xx=279 others=0
process_default	C_query	4	3	reqs=69.60 p50=58.3 p95=68.1 p99=74.3 2xx=280 5xx=280 others=0
process_default	C_query	16	1	reqs=67.97 p50=234.1 p95=258.9 p99=266.2 2xx=279 5xx=280 others=0
process_default	C_query	16	2	reqs=70.44 p50=227.2 p95=243.1 p99=249.9 2xx=289 5xx=290 others=0
process_default	C_query	16	3	reqs=71.02 p50=225.7 p95=245.7 p99=252.2 2xx=292 5xx=292 others=0
process_default	D_echo1k	1	1	reqs=34.29 p50=29.2 p95=33.3 p99=35.8 2xx=275 5xx=0 others=0
process_default	D_echo1k	1	2	reqs=34.72 p50=29.1 p95=31.4 p99=33.2 2xx=278 5xx=0 others=0
process_default	D_echo1k	1	3	reqs=33.34 p50=29.6 p95=34.6 p99=38.2 2xx=267 5xx=0 others=0
process_default	D_echo1k	4	1	reqs=68.83 p50=58.6 p95=69.6 p99=74.6 2xx=277 5xx=277 others=0
process_default	D_echo1k	4	2	reqs=68.81 p50=58.5 p95=71.6 p99=78.3 2xx=276 5xx=277 others=0
process_default	D_echo1k	4	3	reqs=69.66 p50=56.8 p95=68.6 p99=73.2 2xx=280 5xx=280 others=0
process_default	D_echo1k	16	1	reqs=68.76 p50=231.5 p95=248.8 p99=252.5 2xx=281 5xx=283 others=0
process_default	D_echo1k	16	2	reqs=67.37 p50=235.7 p95=265.2 p99=280.0 2xx=273 5xx=282 others=0
process_default	D_echo1k	16	3	reqs=67.99 p50=233.3 p95=254.5 p99=265.2 2xx=280 5xx=280 others=0
process_default	E_echo64k	1	1	reqs=41.40 p50=29.3 p95=31.9 p99=34.0 2xx=272 5xx=0 others=0
process_default	E_echo64k	1	2	reqs=33.89 p50=29.4 p95=31.7 p99=33.3 2xx=272 5xx=0 others=0
process_default	E_echo64k	1	3	reqs=33.77 p50=29.3 p95=32.1 p99=36.5 2xx=270 5xx=0 others=0
process_default	E_echo64k	4	1	reqs=67.32 p50=59.2 p95=72.7 p99=78.0 2xx=271 5xx=271 others=0
process_default	E_echo64k	4	2	reqs=64.86 p50=60.7 p95=81.1 p99=88.3 2xx=256 5xx=266 others=0
process_default	E_echo64k	4	3	reqs=68.04 p50=58.3 p95=72.4 p99=76.9 2xx=274 5xx=274 others=0
process_default	E_echo64k	16	1	reqs=66.56 p50=239.5 p95=263.1 p99=273.1 2xx=273 5xx=276 others=0
process_default	E_echo64k	16	2	reqs=66.58 p50=240.4 p95=260.2 p99=267.2 2xx=272 5xx=275 others=0
process_default	E_echo64k	16	3	reqs=67.06 p50=237.2 p95=256.5 p99=262.8 2xx=275 5xx=278 others=0
process_default	F_large	1	1	reqs=24.47 p50=40.6 p95=44.0 p99=47.5 2xx=195 5xx=0 others=0
process_default	F_large	1	2	reqs=24.31 p50=40.8 p95=43.5 p99=45.5 2xx=195 5xx=0 others=0
process_default	F_large	1	3	reqs=24.22 p50=40.9 p95=45.0 p99=49.1 2xx=195 5xx=0 others=0
process_default	F_large	4	1	reqs=57.73 p50=61.0 p95=101.3 p99=103.2 2xx=196 5xx=269 others=0
process_default	F_large	4	2	reqs=56.27 p50=61.2 p95=101.1 p99=103.1 2xx=197 5xx=257 others=0
process_default	F_large	4	3	reqs=54.55 p50=61.2 p95=100.9 p99=103.8 2xx=197 5xx=244 others=0
process_default	F_large	16	1	reqs=59.04 p50=266.6 p95=321.9 p99=337.7 2xx=194 5xx=294 others=0
process_default	F_large	16	2	reqs=54.55 p50=293.8 p95=336.7 p99=339.9 2xx=204 5xx=249 others=0
process_default	F_large	16	3	reqs=54.76 p50=289.2 p95=336.5 p99=340.3 2xx=204 5xx=250 others=0
meta	process_conc4	idle	1	29320 5.3 2
process_conc4	A_text	1	1	reqs=36.20 p50=27.4 p95=31.7 p99=37.8 2xx=283 5xx=0 others=0
process_conc4	A_text	1	2	reqs=34.97 p50=27.3 p95=34.0 p99=43.5 2xx=280 5xx=0 others=0
process_conc4	A_text	1	3	reqs=35.72 p50=27.3 p95=30.2 p99=35.8 2xx=286 5xx=0 others=0
process_conc4	A_text	4	1	reqs=134.34 p50=29.3 p95=33.5 p99=39.1 2xx=1076 5xx=0 others=0
process_conc4	A_text	4	2	reqs=136.19 p50=29.0 p95=32.8 p99=35.4 2xx=1091 5xx=0 others=0
process_conc4	A_text	4	3	reqs=136.33 p50=29.0 p95=32.6 p99=36.1 2xx=1093 5xx=0 others=0
process_conc4	A_text	16	1	reqs=135.23 p50=117.1 p95=139.2 p99=151.7 2xx=1078 5xx=18 others=0
process_conc4	A_text	16	2	reqs=138.36 p50=115.6 p95=123.3 p99=128.6 2xx=1111 5xx=11 others=0
process_conc4	A_text	16	3	reqs=136.60 p50=117.3 p95=125.7 p99=132.8 2xx=1093 5xx=16 others=0
process_conc4	B_json	1	1	reqs=35.03 p50=27.5 p95=32.3 p99=42.0 2xx=281 5xx=0 others=0
process_conc4	B_json	1	2	reqs=34.34 p50=29.2 p95=32.3 p99=40.1 2xx=275 5xx=0 others=0
process_conc4	B_json	1	3	reqs=33.87 p50=29.2 p95=35.8 p99=43.6 2xx=271 5xx=0 others=0
process_conc4	B_json	4	1	reqs=132.88 p50=29.8 p95=33.4 p99=36.3 2xx=1066 5xx=0 others=0
process_conc4	B_json	4	2	reqs=133.89 p50=29.5 p95=33.4 p99=36.7 2xx=1075 5xx=0 others=0
process_conc4	B_json	4	3	reqs=132.71 p50=29.7 p95=34.1 p99=38.8 2xx=1065 5xx=0 others=0
process_conc4	B_json	16	1	reqs=134.83 p50=118.4 p95=125.7 p99=129.5 2xx=1088 5xx=5 others=0
process_conc4	B_json	16	2	reqs=135.44 p50=118.2 p95=125.8 p99=128.7 2xx=1089 5xx=9 others=0
process_conc4	B_json	16	3	reqs=135.92 p50=118.2 p95=125.1 p99=129.6 2xx=1090 5xx=12 others=0
process_conc4	C_query	1	1	reqs=35.65 p50=27.3 p95=29.9 p99=31.5 2xx=286 5xx=0 others=0
process_conc4	C_query	1	2	reqs=35.53 p50=27.8 p95=30.1 p99=33.4 2xx=283 5xx=0 others=0
process_conc4	C_query	1	3	reqs=34.65 p50=29.0 p95=31.6 p99=39.9 2xx=278 5xx=0 others=0
process_conc4	C_query	4	1	reqs=132.71 p50=29.8 p95=33.5 p99=35.3 2xx=1064 5xx=0 others=0
process_conc4	C_query	4	2	reqs=129.19 p50=30.1 p95=38.8 p99=46.8 2xx=1035 5xx=0 others=0
process_conc4	C_query	4	3	reqs=131.37 p50=30.0 p95=34.2 p99=38.4 2xx=1054 5xx=0 others=0
process_conc4	C_query	16	1	reqs=135.77 p50=118.6 p95=125.5 p99=128.8 2xx=1085 5xx=17 others=0
process_conc4	C_query	16	2	reqs=135.09 p50=119.0 p95=126.8 p99=130.1 2xx=1080 5xx=16 others=0
process_conc4	C_query	16	3	reqs=135.10 p50=118.7 p95=128.8 p99=133.8 2xx=1076 5xx=21 others=0
process_conc4	D_echo1k	1	1	reqs=34.26 p50=29.2 p95=31.6 p99=37.7 2xx=275 5xx=0 others=0
process_conc4	D_echo1k	1	2	reqs=33.81 p50=29.4 p95=35.5 p99=43.3 2xx=270 5xx=0 others=0
process_conc4	D_echo1k	1	3	reqs=34.17 p50=29.2 p95=32.4 p99=37.8 2xx=273 5xx=0 others=0
process_conc4	D_echo1k	4	1	reqs=130.44 p50=30.1 p95=34.4 p99=42.8 2xx=1047 5xx=0 others=0
process_conc4	D_echo1k	4	2	reqs=130.46 p50=30.4 p95=34.0 p99=36.6 2xx=1045 5xx=0 others=0
process_conc4	D_echo1k	4	3	reqs=128.69 p50=30.4 p95=35.3 p99=45.3 2xx=1032 5xx=0 others=0
process_conc4	D_echo1k	16	1	reqs=133.36 p50=119.7 p95=127.8 p99=132.4 2xx=1076 5xx=7 others=0
process_conc4	D_echo1k	16	2	reqs=132.29 p50=121.4 p95=128.5 p99=133.7 2xx=1059 5xx=15 others=0
process_conc4	D_echo1k	16	3	reqs=132.42 p50=121.5 p95=129.7 p99=133.4 2xx=1056 5xx=16 others=0
process_conc4	E_echo64k	1	1	reqs=33.71 p50=29.3 p95=32.4 p99=37.4 2xx=270 5xx=0 others=0
process_conc4	E_echo64k	1	2	reqs=34.11 p50=29.3 p95=31.8 p99=33.6 2xx=273 5xx=0 others=0
process_conc4	E_echo64k	1	3	reqs=34.02 p50=29.2 p95=31.8 p99=36.5 2xx=272 5xx=0 others=0
process_conc4	E_echo64k	4	1	reqs=127.57 p50=31.0 p95=34.8 p99=38.2 2xx=1023 5xx=0 others=0
process_conc4	E_echo64k	4	2	reqs=128.44 p50=30.8 p95=34.3 p99=36.3 2xx=1032 5xx=0 others=0
process_conc4	E_echo64k	4	3	reqs=127.97 p50=30.8 p95=35.4 p99=39.4 2xx=1027 5xx=0 others=0
process_conc4	E_echo64k	16	1	reqs=131.64 p50=121.5 p95=129.3 p99=133.3 2xx=1058 5xx=10 others=0
process_conc4	E_echo64k	16	2	reqs=131.56 p50=121.1 p95=138.8 p99=152.9 2xx=1042 5xx=26 others=0
process_conc4	E_echo64k	16	3	reqs=132.56 p50=122.1 p95=131.6 p99=136.3 2xx=1045 5xx=30 others=0
process_conc4	F_large	1	1	reqs=24.33 p50=40.9 p95=45.0 p99=48.4 2xx=194 5xx=0 others=0
process_conc4	F_large	1	2	reqs=24.31 p50=40.9 p95=43.8 p99=47.0 2xx=195 5xx=0 others=0
process_conc4	F_large	1	3	reqs=24.09 p50=41.0 p95=44.9 p99=48.9 2xx=194 5xx=0 others=0
process_conc4	F_large	4	1	reqs=90.99 p50=42.9 p95=50.7 p99=62.1 2xx=732 5xx=0 others=0
process_conc4	F_large	4	2	reqs=89.72 p50=43.5 p95=53.0 p99=62.9 2xx=720 5xx=0 others=0
process_conc4	F_large	4	3	reqs=91.69 p50=43.1 p95=48.1 p99=51.1 2xx=736 5xx=0 others=0
process_conc4	F_large	16	1	reqs=107.48 p50=149.6 p95=172.2 p99=178.2 2xx=764 5xx=111 others=0
process_conc4	F_large	16	2	reqs=104.77 p50=154.8 p95=173.7 p99=176.4 2xx=766 5xx=88 others=0
process_conc4	F_large	16	3	reqs=102.77 p50=161.5 p95=175.5 p99=179.9 2xx=763 5xx=74 others=0
meta	process_persistent	idle	1	62036 37.2 6
process_persistent	A_text	1	1	reqs=180.92 p50=5.4 p95=6.1 p99=7.8 2xx=1447 5xx=0 others=0
process_persistent	A_text	1	2	reqs=176.98 p50=5.4 p95=7.6 p99=8.1 2xx=1413 5xx=0 others=0
process_persistent	A_text	1	3	reqs=180.37 p50=5.4 p95=6.1 p99=7.9 2xx=1442 5xx=0 others=0
process_persistent	A_text	4	1	reqs=490.37 p50=7.8 p95=11.8 p99=13.7 2xx=3923 5xx=0 others=0
process_persistent	A_text	4	2	reqs=494.47 p50=7.8 p95=11.8 p99=13.8 2xx=3957 5xx=0 others=0
process_persistent	A_text	4	3	reqs=481.77 p50=7.9 p95=12.1 p99=14.5 2xx=3856 5xx=0 others=0
process_persistent	A_text	16	1	reqs=490.21 p50=32.2 p95=40.1 p99=44.5 2xx=3935 5xx=0 others=0
process_persistent	A_text	16	2	reqs=474.35 p50=33.2 p95=40.7 p99=44.1 2xx=3809 5xx=0 others=0
process_persistent	A_text	16	3	reqs=493.61 p50=32.2 p95=38.5 p99=41.3 2xx=3962 5xx=0 others=0
process_persistent	B_json	1	1	reqs=134.32 p50=7.5 p95=8.2 p99=9.5 2xx=1068 5xx=0 others=0
process_persistent	B_json	1	2	reqs=160.81 p50=5.6 p95=8.4 p99=10.3 2xx=1287 5xx=0 others=0
process_persistent	B_json	1	3	reqs=177.43 p50=5.3 p95=7.5 p99=7.9 2xx=1420 5xx=0 others=0
process_persistent	B_json	4	1	reqs=447.43 p50=8.7 p95=12.6 p99=15.1 2xx=3575 5xx=0 others=0
process_persistent	B_json	4	2	reqs=445.56 p50=8.7 p95=12.8 p99=15.0 2xx=3568 5xx=0 others=0
process_persistent	B_json	4	3	reqs=454.57 p50=8.5 p95=12.7 p99=14.8 2xx=3638 5xx=0 others=0
process_persistent	B_json	16	1	reqs=441.30 p50=35.9 p95=43.8 p99=46.4 2xx=3544 5xx=0 others=0
process_persistent	B_json	16	2	reqs=435.92 p50=36.5 p95=43.4 p99=47.0 2xx=3499 5xx=0 others=0
process_persistent	B_json	16	3	reqs=449.68 p50=35.2 p95=42.6 p99=46.7 2xx=3610 5xx=0 others=0
process_persistent	C_query	1	1	reqs=143.38 p50=7.4 p95=7.9 p99=8.7 2xx=1147 5xx=0 others=0
process_persistent	C_query	1	2	reqs=131.66 p50=7.5 p95=8.1 p99=8.9 2xx=1051 5xx=0 others=0
process_persistent	C_query	1	3	reqs=155.82 p50=5.7 p95=8.4 p99=10.2 2xx=1247 5xx=0 others=0
process_persistent	C_query	4	1	reqs=434.34 p50=8.9 p95=12.9 p99=15.5 2xx=3477 5xx=0 others=0
process_persistent	C_query	4	2	reqs=448.98 p50=8.7 p95=12.5 p99=14.6 2xx=3592 5xx=0 others=0
process_persistent	C_query	4	3	reqs=440.06 p50=8.8 p95=12.8 p99=15.0 2xx=3523 5xx=0 others=0
process_persistent	C_query	16	1	reqs=445.50 p50=35.8 p95=43.1 p99=46.6 2xx=3566 5xx=0 others=0
process_persistent	C_query	16	2	reqs=437.27 p50=36.4 p95=43.2 p99=46.4 2xx=3512 5xx=0 others=0
process_persistent	C_query	16	3	reqs=432.45 p50=36.8 p95=44.4 p99=47.2 2xx=3473 5xx=0 others=0
process_persistent	D_echo1k	1	1	reqs=122.96 p50=7.6 p95=10.3 p99=12.3 2xx=978 5xx=0 others=0
process_persistent	D_echo1k	1	2	reqs=150.66 p50=7.4 p95=8.0 p99=9.9 2xx=1205 5xx=0 others=0
process_persistent	D_echo1k	1	3	reqs=130.96 p50=7.5 p95=8.3 p99=10.0 2xx=1041 5xx=0 others=0
process_persistent	D_echo1k	4	1	reqs=412.33 p50=9.4 p95=13.5 p99=15.7 2xx=3301 5xx=0 others=0
process_persistent	D_echo1k	4	2	reqs=410.23 p50=9.3 p95=14.1 p99=16.7 2xx=3283 5xx=0 others=0
process_persistent	D_echo1k	4	3	reqs=419.91 p50=9.2 p95=13.2 p99=15.3 2xx=3361 5xx=0 others=0
process_persistent	D_echo1k	16	1	reqs=408.76 p50=39.1 p95=46.6 p99=49.4 2xx=3285 5xx=0 others=0
process_persistent	D_echo1k	16	2	reqs=418.69 p50=38.0 p95=46.0 p99=51.4 2xx=3363 5xx=0 others=0
process_persistent	D_echo1k	16	3	reqs=414.14 p50=38.7 p95=46.3 p99=49.5 2xx=3325 5xx=0 others=0
process_persistent	E_echo64k	1	1	reqs=118.14 p50=7.7 p95=10.1 p99=11.7 2xx=945 5xx=0 others=0
process_persistent	E_echo64k	1	2	reqs=118.23 p50=7.7 p95=10.7 p99=14.9 2xx=944 5xx=0 others=0
process_persistent	E_echo64k	1	3	reqs=131.68 p50=7.5 p95=8.1 p99=10.4 2xx=1046 5xx=0 others=0
process_persistent	E_echo64k	4	1	reqs=392.57 p50=9.8 p95=14.3 p99=17.1 2xx=3143 5xx=0 others=0
process_persistent	E_echo64k	4	2	reqs=396.51 p50=9.8 p95=13.9 p99=16.4 2xx=3173 5xx=0 others=0
process_persistent	E_echo64k	4	3	reqs=386.12 p50=10.0 p95=14.2 p99=16.4 2xx=3090 5xx=0 others=0
process_persistent	E_echo64k	16	1	reqs=391.85 p50=40.2 p95=49.1 p99=52.8 2xx=3150 5xx=0 others=0
process_persistent	E_echo64k	16	2	reqs=384.38 p50=41.5 p95=49.0 p99=52.2 2xx=3089 5xx=0 others=0
process_persistent	E_echo64k	16	3	reqs=375.53 p50=42.2 p95=49.5 p99=53.0 2xx=3018 5xx=0 others=0
process_persistent	F_large	1	1	reqs=51.69 p50=19.0 p95=23.1 p99=25.4 2xx=413 5xx=0 others=0
process_persistent	F_large	1	2	reqs=67.46 p50=19.0 p95=20.2 p99=23.1 2xx=422 5xx=0 others=0
process_persistent	F_large	1	3	reqs=52.56 p50=18.9 p95=21.2 p99=21.5 2xx=420 5xx=0 others=0
process_persistent	F_large	4	1	reqs=175.21 p50=22.1 p95=29.7 p99=35.3 2xx=1405 5xx=0 others=0
process_persistent	F_large	4	2	reqs=192.13 p50=20.4 p95=24.5 p99=27.1 2xx=1539 5xx=0 others=0
process_persistent	F_large	4	3	reqs=183.91 p50=21.3 p95=25.6 p99=29.9 2xx=1474 5xx=0 others=0
process_persistent	F_large	16	1	reqs=195.16 p50=81.6 p95=88.9 p99=92.7 2xx=1575 5xx=0 others=0
process_persistent	F_large	16	2	reqs=187.55 p50=84.8 p95=91.7 p99=94.2 2xx=1516 5xx=0 others=0
process_persistent	F_large	16	3	reqs=181.25 p50=87.0 p95=107.9 p99=124.7 2xx=1465 5xx=1 others=0
