metric,calls,unique,bytes,inclusive_ms
build_reasons,1015,0,0,472.348
containment_candidate,16,16,0,0
dependency_changed,16122,6084,0,0
dirty_item,1015,1015,0,0
json_file,2031,2031,0,0
load_config,1,0,0,0.054669
load_json_file,2031,0,0,57.9099
load_tracking,1,0,0,8.87343
metadata_path_safe,9076,6084,0,0
modified_time,17137,7099,0,0
path_exists,43356,7103,0,0
path_within,16,0,0,0.262899
project_open,1,0,0,8.96882
read_bytes,2032,2032,1270017,0
read_file_checked,2032,2032,0,0
relative_of,9076,5070,0,0
user_dependencies,1015,0,0,105.446
