fixture,tool,tool_version,input_bytes,output_bytes,gzip_bytes,median_ms,p25_ms,p75_ms,min_ms,max_ms,throughput_mib_s,warmups,iterations,status
bootstrap-4.css,minifypp,Minify++ 1.1.0,200078,165836,24219,2.796673,2.710982,2.905827,2.352139,3.447265,68.22722923914583,5,45,success
bootstrap-4.css,esbuild,0.28.2,200078,160542,23847,19.406456,17.482394,19.95907,14.957635,20.409995,9.832256331497605,5,45,success
bootstrap-4.css,lightningcss,lightningcss 1.0.0-alpha.72,200078,153616,23541,9.964374,9.299564,10.36759,7.943739,11.441616,19.149145734386295,5,45,success
animate.css,minifypp,Minify++ 1.1.0,95374,77454,5185,1.952975,1.891076,2.03606,1.52873,2.240806,46.57291273719822,5,45,success
animate.css,esbuild,0.28.2,95374,73286,5026,9.853104,9.413598,10.292051,8.790457,11.894492,9.231175703913172,5,45,success
animate.css,lightningcss,lightningcss 1.0.0-alpha.72,95374,68837,4790,4.395574,3.92728,4.619019,2.9848,4.944379,20.69257263168125,5,45,success
tailwind.css,minifypp,Minify++ 1.1.0,2380419,1973801,185088,13.27371,12.065131,14.963684,10.839414,17.391103,171.0256185034515,5,45,success
tailwind.css,esbuild,0.28.2,2380419,1961069,187287,121.299001,119.849229,123.391189,112.521603,130.081189,18.71527748679026,5,45,success
tailwind.css,lightningcss,lightningcss 1.0.0-alpha.72,2380419,1864728,179867,73.257108,71.782197,78.764296,67.167623,90.896899,30.98872620777562,5,45,success
