id,width,lookup_reads,member_assignments,source_copies,range_passes,insertions
1003,2,0,0,0,0,0
1001,2,0,0,0,0,0
1002,5,5,5,0,0,5
1006,2,0,0,0,0,0
1004,2,0,0,0,0,0
1005,5,5,5,0,0,5
1009,2,0,0,0,0,0
1007,2,0,0,0,0,0
1008,5,5,5,0,0,5
1012,2,0,0,0,0,0
1010,2,0,0,0,0,0
1011,5,5,5,0,0,5
1015,2,0,0,0,0,0
1013,2,0,0,0,0,0
1014,5,5,5,0,0,5
1018,2,0,0,0,0,0
1016,2,0,0,0,0,0
1017,5,5,5,0,0,5
1021,2,0,0,0,0,0
1019,2,0,0,0,0,0
1020,5,5,5,0,0,5
1024,2,0,0,0,0,0
1022,2,0,0,0,0,0
1023,5,5,5,0,0,5
1027,2,0,0,0,0,0
1025,2,0,0,0,0,0
1026,5,5,5,0,0,5
1030,2,0,0,0,0,0
1028,2,0,0,0,0,0
1029,5,5,5,0,0,5
1033,2,0,0,0,0,0
1031,2,0,0,0,0,0
1032,5,5,5,0,0,5
1036,2,0,0,0,0,0
1034,2,0,0,0,0,0
1035,5,5,5,0,0,5
1039,2,0,0,0,0,0
1037,2,0,0,0,0,0
1038,5,5,5,0,0,5
1042,2,0,0,0,0,0
1040,2,0,0,0,0,0
1041,5,5,5,0,0,5
1045,2,0,0,0,0,0
1043,2,0,0,0,0,0
1044,5,5,5,0,0,5
1048,2,0,0,0,0,0
1046,2,0,0,0,0,0
1047,5,5,5,0,0,5
1051,2,0,0,0,0,0
1049,2,0,0,0,0,0
1050,5,5,5,0,0,5
1054,2,0,0,0,0,0
1052,2,0,0,0,0,0
1053,5,5,5,0,0,5
1057,2,0,0,0,0,0
1055,2,0,0,0,0,0
1056,5,5,5,0,0,5
1060,2,0,0,0,0,0
1058,2,0,0,0,0,0
1059,5,5,5,0,0,5
1063,2,0,0,0,0,0
1061,2,0,0,0,0,0
1062,5,5,5,0,0,5
1066,2,0,0,0,0,0
1064,2,0,0,0,0,0
1065,5,5,5,0,0,5
1069,2,0,0,0,0,0
1067,2,0,0,0,0,0
1068,5,5,5,0,0,5
1072,2,0,0,0,0,0
1070,2,0,0,0,0,0
1071,5,5,5,0,0,5
1075,2,0,0,0,0,0
1073,2,0,0,0,0,0
1074,5,5,5,0,0,5
1078,2,0,0,0,0,0
1076,2,0,0,0,0,0
1077,5,5,5,0,0,5
1081,2,0,0,0,0,0
1079,2,0,0,0,0,0
1080,5,5,5,0,0,5
1084,2,0,0,0,0,0
1082,2,0,0,0,0,0
1083,5,5,5,0,0,5
1087,2,0,0,0,0,0
1085,2,0,0,0,0,0
1086,5,5,5,0,0,5
1090,2,0,0,0,0,0
1088,2,0,0,0,0,0
1089,5,5,5,0,0,5
1093,2,0,0,0,0,0
1091,2,0,0,0,0,0
1092,5,5,5,0,0,5
1096,2,0,0,0,0,0
1094,2,0,0,0,0,0
1095,5,5,5,0,0,5
1099,2,0,0,0,0,0
1097,2,0,0,0,0,0
1098,5,5,5,0,0,5
1102,2,0,0,0,0,0
1100,2,0,0,0,0,0
1101,5,5,5,0,0,5
1105,2,0,0,0,0,0
1103,2,0,0,0,0,0
1104,5,5,5,0,0,5
1108,2,0,0,0,0,0
1106,2,0,0,0,0,0
1107,5,5,5,0,0,5
1111,2,0,0,0,0,0
1109,2,0,0,0,0,0
1110,5,5,5,0,0,5
1114,2,0,0,0,0,0
1112,2,0,0,0,0,0
1113,5,5,5,0,0,5
1117,2,0,0,0,0,0
1115,2,0,0,0,0,0
1116,5,5,5,0,0,5
1120,2,0,0,0,0,0
1118,2,0,0,0,0,0
1119,5,5,5,0,0,5
1123,2,0,0,0,0,0
1121,2,0,0,0,0,0
1122,5,5,5,0,0,5
1126,2,0,0,0,0,0
1124,2,0,0,0,0,0
1125,5,5,5,0,0,5
1129,2,0,0,0,0,0
1127,2,0,0,0,0,0
1128,5,5,5,0,0,5
1132,2,0,0,0,0,0
1130,2,0,0,0,0,0
1131,5,5,5,0,0,5
1135,2,0,0,0,0,0
1133,2,0,0,0,0,0
1134,5,5,5,0,0,5
1138,2,0,0,0,0,0
1136,2,0,0,0,0,0
1137,5,5,5,0,0,5
1141,2,0,0,0,0,0
1139,2,0,0,0,0,0
1140,5,5,5,0,0,5
1144,2,0,0,0,0,0
1142,2,0,0,0,0,0
1143,5,5,5,0,0,5
1147,2,0,0,0,0,0
1145,2,0,0,0,0,0
1146,5,5,5,0,0,5
1150,2,0,0,0,0,0
1148,2,0,0,0,0,0
1149,5,5,5,0,0,5
1153,2,0,0,0,0,0
1151,2,0,0,0,0,0
1152,5,5,5,0,0,5
1156,2,0,0,0,0,0
1154,2,0,0,0,0,0
1155,5,5,5,0,0,5
1159,2,0,0,0,0,0
1157,2,0,0,0,0,0
1158,5,5,5,0,0,5
1162,2,0,0,0,0,0
1160,2,0,0,0,0,0
1161,5,5,5,0,0,5
1165,2,0,0,0,0,0
1163,2,0,0,0,0,0
1164,5,5,5,0,0,5
1168,2,0,0,0,0,0
1166,2,0,0,0,0,0
1167,5,5,5,0,0,5
1171,2,0,0,0,0,0
1169,2,0,0,0,0,0
1170,5,5,5,0,0,5
1174,2,0,0,0,0,0
1172,2,0,0,0,0,0
1173,5,5,5,0,0,5
1177,2,0,0,0,0,0
1175,2,0,0,0,0,0
1176,5,5,5,0,0,5
1180,2,0,0,0,0,0
1178,2,0,0,0,0,0
1179,5,5,5,0,0,5
1183,2,0,0,0,0,0
1181,2,0,0,0,0,0
1182,5,5,5,0,0,5
1186,2,0,0,0,0,0
1184,2,0,0,0,0,0
1185,5,5,5,0,0,5
1189,2,0,0,0,0,0
1187,2,0,0,0,0,0
1188,5,5,5,0,0,5
1192,2,0,0,0,0,0
1190,2,0,0,0,0,0
1191,5,5,5,0,0,5
1195,2,0,0,0,0,0
1193,2,0,0,0,0,0
1194,5,5,5,0,0,5
1198,2,0,0,0,0,0
1196,2,0,0,0,0,0
1197,5,5,5,0,0,5
1201,2,0,0,0,0,0
1199,2,0,0,0,0,0
1200,5,5,5,0,0,5
1204,2,0,0,0,0,0
1202,2,0,0,0,0,0
1203,5,5,5,0,0,5
1207,2,0,0,0,0,0
1205,2,0,0,0,0,0
1206,5,5,5,0,0,5
1210,2,0,0,0,0,0
1208,2,0,0,0,0,0
1209,5,5,5,0,0,5
1213,2,0,0,0,0,0
1211,2,0,0,0,0,0
1212,5,5,5,0,0,5
1216,2,0,0,0,0,0
1214,2,0,0,0,0,0
1215,5,5,5,0,0,5
1219,2,0,0,0,0,0
1217,2,0,0,0,0,0
1218,5,5,5,0,0,5
1222,2,0,0,0,0,0
1220,2,0,0,0,0,0
1221,5,5,5,0,0,5
1225,2,0,0,0,0,0
1223,2,0,0,0,0,0
1224,5,5,5,0,0,5
1228,2,0,0,0,0,0
1226,2,0,0,0,0,0
1227,5,5,5,0,0,5
1231,2,0,0,0,0,0
1229,2,0,0,0,0,0
1230,5,5,5,0,0,5
1234,2,0,0,0,0,0
1232,2,0,0,0,0,0
1233,5,5,5,0,0,5
1237,2,0,0,0,0,0
1235,2,0,0,0,0,0
1236,5,5,5,0,0,5
1240,2,0,0,0,0,0
1238,2,0,0,0,0,0
1239,5,5,5,0,0,5
1243,2,0,0,0,0,0
1241,2,0,0,0,0,0
1242,5,5,5,0,0,5
1246,2,0,0,0,0,0
1244,2,0,0,0,0,0
1245,5,5,5,0,0,5
1249,2,0,0,0,0,0
1247,2,0,0,0,0,0
1248,5,5,5,0,0,5
1252,2,0,0,0,0,0
1250,2,0,0,0,0,0
1251,5,5,5,0,0,5
1255,2,0,0,0,0,0
1253,2,0,0,0,0,0
1254,5,5,5,0,0,5
1258,2,0,0,0,0,0
1256,2,0,0,0,0,0
1257,5,5,5,0,0,5
1261,2,0,0,0,0,0
1259,2,0,0,0,0,0
1260,5,5,5,0,0,5
1264,2,0,0,0,0,0
1262,2,0,0,0,0,0
1263,5,5,5,0,0,5
1267,2,0,0,0,0,0
1265,2,0,0,0,0,0
1266,5,5,5,0,0,5
1270,2,0,0,0,0,0
1268,2,0,0,0,0,0
1269,5,5,5,0,0,5
1273,2,0,0,0,0,0
1271,2,0,0,0,0,0
1272,5,5,5,0,0,5
1276,2,0,0,0,0,0
1274,2,0,0,0,0,0
1275,5,5,5,0,0,5
1279,2,0,0,0,0,0
1277,2,0,0,0,0,0
1278,5,5,5,0,0,5
1282,2,0,0,0,0,0
1280,2,0,0,0,0,0
1281,5,5,5,0,0,5
1285,2,0,0,0,0,0
1283,2,0,0,0,0,0
1284,5,5,5,0,0,5
1288,2,0,0,0,0,0
1286,2,0,0,0,0,0
1287,5,5,5,0,0,5
1291,2,0,0,0,0,0
1289,2,0,0,0,0,0
1290,5,5,5,0,0,5
1294,2,0,0,0,0,0
1292,2,0,0,0,0,0
1293,5,5,5,0,0,5
1297,2,0,0,0,0,0
1295,2,0,0,0,0,0
1296,5,5,5,0,0,5
1300,2,0,0,0,0,0
1298,2,0,0,0,0,0
1299,5,5,5,0,0,5
1303,2,0,0,0,0,0
1301,2,0,0,0,0,0
1302,5,5,5,0,0,5
1306,2,0,0,0,0,0
1304,2,0,0,0,0,0
1305,5,5,5,0,0,5
1309,2,0,0,0,0,0
1307,2,0,0,0,0,0
1308,5,5,5,0,0,5
1312,2,0,0,0,0,0
1310,2,0,0,0,0,0
1311,5,5,5,0,0,5
1315,2,0,0,0,0,0
1313,2,0,0,0,0,0
1314,5,5,5,0,0,5
1318,2,0,0,0,0,0
1316,2,0,0,0,0,0
1317,5,5,5,0,0,5
1321,2,0,0,0,0,0
1319,2,0,0,0,0,0
1320,5,5,5,0,0,5
1324,2,0,0,0,0,0
1322,2,0,0,0,0,0
1323,5,5,5,0,0,5
1327,2,0,0,0,0,0
1325,2,0,0,0,0,0
1326,5,5,5,0,0,5
1330,2,0,0,0,0,0
1328,2,0,0,0,0,0
1329,5,5,5,0,0,5
1333,2,0,0,0,0,0
1331,2,0,0,0,0,0
1332,5,5,5,0,0,5
1336,2,0,0,0,0,0
1334,2,0,0,0,0,0
1335,5,5,5,0,0,5
1339,2,0,0,0,0,0
1337,2,0,0,0,0,0
1338,5,5,5,0,0,5
1342,2,0,0,0,0,0
1340,2,0,0,0,0,0
1341,5,5,5,0,0,5
1345,2,0,0,0,0,0
1343,2,0,0,0,0,0
1344,5,5,5,0,0,5
1348,2,0,0,0,0,0
1346,2,0,0,0,0,0
1347,5,5,5,0,0,5
1351,2,0,0,0,0,0
1349,2,0,0,0,0,0
1350,5,5,5,0,0,5
1354,2,0,0,0,0,0
1352,2,0,0,0,0,0
1353,5,5,5,0,0,5
1357,2,0,0,0,0,0
1355,2,0,0,0,0,0
1356,5,5,5,0,0,5
1360,2,0,0,0,0,0
1358,2,0,0,0,0,0
1359,5,5,5,0,0,5
1363,2,0,0,0,0,0
1361,2,0,0,0,0,0
1362,5,5,5,0,0,5
1366,2,0,0,0,0,0
1364,2,0,0,0,0,0
1365,5,5,5,0,0,5
1369,2,0,0,0,0,0
1367,2,0,0,0,0,0
1368,5,5,5,0,0,5
1372,2,0,0,0,0,0
1370,2,0,0,0,0,0
1371,5,5,5,0,0,5
1375,2,0,0,0,0,0
1373,2,0,0,0,0,0
1374,5,5,5,0,0,5
1378,2,0,0,0,0,0
1376,2,0,0,0,0,0
1377,5,5,5,0,0,5
1381,2,0,0,0,0,0
1379,2,0,0,0,0,0
1380,5,5,5,0,0,5
1384,2,0,0,0,0,0
1382,2,0,0,0,0,0
1383,5,5,5,0,0,5
1387,2,0,0,0,0,0
1385,2,0,0,0,0,0
1386,5,5,5,0,0,5
1390,2,0,0,0,0,0
1388,2,0,0,0,0,0
1389,5,5,5,0,0,5
1393,2,0,0,0,0,0
1391,2,0,0,0,0,0
1392,5,5,5,0,0,5
1396,2,0,0,0,0,0
1394,2,0,0,0,0,0
1395,5,5,5,0,0,5
1399,2,0,0,0,0,0
1397,2,0,0,0,0,0
1398,5,5,5,0,0,5
1402,2,0,0,0,0,0
1400,2,0,0,0,0,0
1401,5,5,5,0,0,5
1405,2,0,0,0,0,0
1403,2,0,0,0,0,0
1404,5,5,5,0,0,5
1408,2,0,0,0,0,0
1406,2,0,0,0,0,0
1407,5,5,5,0,0,5
1411,2,0,0,0,0,0
1409,2,0,0,0,0,0
1410,5,5,5,0,0,5
1414,2,0,0,0,0,0
1412,2,0,0,0,0,0
1413,5,5,5,0,0,5
1417,2,0,0,0,0,0
1415,2,0,0,0,0,0
1416,5,5,5,0,0,5
1420,2,0,0,0,0,0
1418,2,0,0,0,0,0
1419,5,5,5,0,0,5
1423,2,0,0,0,0,0
1421,2,0,0,0,0,0
1422,5,5,5,0,0,5
1426,2,0,0,0,0,0
1424,2,0,0,0,0,0
1425,5,5,5,0,0,5
1429,2,0,0,0,0,0
1427,2,0,0,0,0,0
1428,5,5,5,0,0,5
1432,2,0,0,0,0,0
1430,2,0,0,0,0,0
1431,5,5,5,0,0,5
1435,2,0,0,0,0,0
1433,2,0,0,0,0,0
1434,5,5,5,0,0,5
1438,2,0,0,0,0,0
1436,2,0,0,0,0,0
1437,5,5,5,0,0,5
1441,2,0,0,0,0,0
1439,2,0,0,0,0,0
1440,5,5,5,0,0,5
1444,2,0,0,0,0,0
1442,2,0,0,0,0,0
1443,5,5,5,0,0,5
1447,2,0,0,0,0,0
1445,2,0,0,0,0,0
1446,5,5,5,0,0,5
1450,2,0,0,0,0,0
1448,2,0,0,0,0,0
1449,5,5,5,0,0,5
1453,2,0,0,0,0,0
1451,2,0,0,0,0,0
1452,5,5,5,0,0,5
1456,2,0,0,0,0,0
1454,2,0,0,0,0,0
1455,5,5,5,0,0,5
1459,2,0,0,0,0,0
1457,2,0,0,0,0,0
1458,5,5,5,0,0,5
1462,2,0,0,0,0,0
1460,2,0,0,0,0,0
1461,5,5,5,0,0,5
1465,2,0,0,0,0,0
1463,2,0,0,0,0,0
1464,5,5,5,0,0,5
1468,2,0,0,0,0,0
1466,2,0,0,0,0,0
1467,5,5,5,0,0,5
1471,2,0,0,0,0,0
1469,2,0,0,0,0,0
1470,5,5,5,0,0,5
1474,2,0,0,0,0,0
1472,2,0,0,0,0,0
1473,5,5,5,0,0,5
1477,2,0,0,0,0,0
1475,2,0,0,0,0,0
1476,5,5,5,0,0,5
1480,2,0,0,0,0,0
1478,2,0,0,0,0,0
1479,5,5,5,0,0,5
1483,2,0,0,0,0,0
1481,2,0,0,0,0,0
1482,5,5,5,0,0,5
1486,2,0,0,0,0,0
1484,2,0,0,0,0,0
1485,5,5,5,0,0,5
1489,2,0,0,0,0,0
1487,2,0,0,0,0,0
1488,5,5,5,0,0,5
1492,2,0,0,0,0,0
1490,2,0,0,0,0,0
1491,5,5,5,0,0,5
1495,2,0,0,0,0,0
1493,2,0,0,0,0,0
1494,5,5,5,0,0,5
1498,2,0,0,0,0,0
1496,2,0,0,0,0,0
1497,5,5,5,0,0,5
1501,2,0,0,0,0,0
1499,2,0,0,0,0,0
1500,5,5,5,0,0,5
1504,2,0,0,0,0,0
1502,2,0,0,0,0,0
1503,5,5,5,0,0,5
1507,2,0,0,0,0,0
1505,2,0,0,0,0,0
1506,5,5,5,0,0,5
1510,2,0,0,0,0,0
1508,2,0,0,0,0,0
1509,5,5,5,0,0,5
1513,2,0,0,0,0,0
1511,2,0,0,0,0,0
1512,5,5,5,0,0,5
1516,2,0,0,0,0,0
1514,2,0,0,0,0,0
1515,5,5,5,0,0,5
1519,2,0,0,0,0,0
1517,2,0,0,0,0,0
1518,5,5,5,0,0,5
1522,2,0,0,0,0,0
1520,2,0,0,0,0,0
1521,5,5,5,0,0,5
1525,2,0,0,0,0,0
1523,2,0,0,0,0,0
1524,5,5,5,0,0,5
1528,2,0,0,0,0,0
1526,2,0,0,0,0,0
1527,5,5,5,0,0,5
1531,2,0,0,0,0,0
1529,2,0,0,0,0,0
1530,5,5,5,0,0,5
1534,2,0,0,0,0,0
1532,2,0,0,0,0,0
1533,5,5,5,0,0,5
1537,2,0,0,0,0,0
1535,2,0,0,0,0,0
1536,5,5,5,0,0,5
1540,2,0,0,0,0,0
1538,2,0,0,0,0,0
1539,5,5,5,0,0,5
1543,2,0,0,0,0,0
1541,2,0,0,0,0,0
1542,5,5,5,0,0,5
1546,2,0,0,0,0,0
1544,2,0,0,0,0,0
1545,5,5,5,0,0,5
1549,2,0,0,0,0,0
1547,2,0,0,0,0,0
1548,5,5,5,0,0,5
1552,2,0,0,0,0,0
1550,2,0,0,0,0,0
1551,5,5,5,0,0,5
1555,2,0,0,0,0,0
1553,2,0,0,0,0,0
1554,5,5,5,0,0,5
1558,2,0,0,0,0,0
1556,2,0,0,0,0,0
1557,5,5,5,0,0,5
1561,2,0,0,0,0,0
1559,2,0,0,0,0,0
1560,5,5,5,0,0,5
1564,2,0,0,0,0,0
1562,2,0,0,0,0,0
1563,5,5,5,0,0,5
1567,2,0,0,0,0,0
1565,2,0,0,0,0,0
1566,5,5,5,0,0,5
1570,2,0,0,0,0,0
1568,2,0,0,0,0,0
1569,5,5,5,0,0,5
1573,2,0,0,0,0,0
1571,2,0,0,0,0,0
1572,5,5,5,0,0,5
1576,2,0,0,0,0,0
1574,2,0,0,0,0,0
1575,5,5,5,0,0,5
1579,2,0,0,0,0,0
1577,2,0,0,0,0,0
1578,5,5,5,0,0,5
1582,2,0,0,0,0,0
1580,2,0,0,0,0,0
1581,5,5,5,0,0,5
1585,2,0,0,0,0,0
1583,2,0,0,0,0,0
1584,5,5,5,0,0,5
1588,2,0,0,0,0,0
1586,2,0,0,0,0,0
1587,5,5,5,0,0,5
1591,2,0,0,0,0,0
1589,2,0,0,0,0,0
1590,5,5,5,0,0,5
1594,2,0,0,0,0,0
1592,2,0,0,0,0,0
1593,5,5,5,0,0,5
1597,2,0,0,0,0,0
1595,2,0,0,0,0,0
1596,5,5,5,0,0,5
1600,2,0,0,0,0,0
1598,2,0,0,0,0,0
1599,5,5,5,0,0,5
1603,2,0,0,0,0,0
1601,2,0,0,0,0,0
1602,5,5,5,0,0,5
1606,2,0,0,0,0,0
1604,2,0,0,0,0,0
1605,5,5,5,0,0,5
1609,2,0,0,0,0,0
1607,2,0,0,0,0,0
1608,5,5,5,0,0,5
1612,2,0,0,0,0,0
1610,2,0,0,0,0,0
1611,5,5,5,0,0,5
1615,2,0,0,0,0,0
1613,2,0,0,0,0,0
1614,5,5,5,0,0,5
1618,2,0,0,0,0,0
1616,2,0,0,0,0,0
1617,5,5,5,0,0,5
1621,2,0,0,0,0,0
1619,2,0,0,0,0,0
1620,5,5,5,0,0,5
1624,2,0,0,0,0,0
1622,2,0,0,0,0,0
1623,5,5,5,0,0,5
1627,2,0,0,0,0,0
1625,2,0,0,0,0,0
1626,5,5,5,0,0,5
1630,2,0,0,0,0,0
1628,2,0,0,0,0,0
1629,5,5,5,0,0,5
1633,2,0,0,0,0,0
1631,2,0,0,0,0,0
1632,5,5,5,0,0,5
1636,2,0,0,0,0,0
1634,2,0,0,0,0,0
1635,5,5,5,0,0,5
1639,2,0,0,0,0,0
1637,2,0,0,0,0,0
1638,5,5,5,0,0,5
1642,2,0,0,0,0,0
1640,2,0,0,0,0,0
1641,5,5,5,0,0,5
1645,2,0,0,0,0,0
1643,2,0,0,0,0,0
1644,5,5,5,0,0,5
1648,2,0,0,0,0,0
1646,2,0,0,0,0,0
1647,5,5,5,0,0,5
1651,2,0,0,0,0,0
1649,2,0,0,0,0,0
1650,5,5,5,0,0,5
1654,2,0,0,0,0,0
1652,2,0,0,0,0,0
1653,5,5,5,0,0,5
1657,2,0,0,0,0,0
1655,2,0,0,0,0,0
1656,5,5,5,0,0,5
1660,2,0,0,0,0,0
1658,2,0,0,0,0,0
1659,5,5,5,0,0,5
1663,2,0,0,0,0,0
1661,2,0,0,0,0,0
1662,5,5,5,0,0,5
1666,2,0,0,0,0,0
1664,2,0,0,0,0,0
1665,5,5,5,0,0,5
1669,2,0,0,0,0,0
1667,2,0,0,0,0,0
1668,5,5,5,0,0,5
1672,2,0,0,0,0,0
1670,2,0,0,0,0,0
1671,5,5,5,0,0,5
1675,2,0,0,0,0,0
1673,2,0,0,0,0,0
1674,5,5,5,0,0,5
1678,2,0,0,0,0,0
1676,2,0,0,0,0,0
1677,5,5,5,0,0,5
1681,2,0,0,0,0,0
1679,2,0,0,0,0,0
1680,5,5,5,0,0,5
1684,2,0,0,0,0,0
1682,2,0,0,0,0,0
1683,5,5,5,0,0,5
1687,2,0,0,0,0,0
1685,2,0,0,0,0,0
1686,5,5,5,0,0,5
1690,2,0,0,0,0,0
1688,2,0,0,0,0,0
1689,5,5,5,0,0,5
1693,2,0,0,0,0,0
1691,2,0,0,0,0,0
1692,5,5,5,0,0,5
1696,2,0,0,0,0,0
1694,2,0,0,0,0,0
1695,5,5,5,0,0,5
1699,2,0,0,0,0,0
1697,2,0,0,0,0,0
1698,5,5,5,0,0,5
1702,2,0,0,0,0,0
1700,2,0,0,0,0,0
1701,5,5,5,0,0,5
1705,2,0,0,0,0,0
1703,2,0,0,0,0,0
1704,5,5,5,0,0,5
1708,2,0,0,0,0,0
1706,2,0,0,0,0,0
1707,5,5,5,0,0,5
1711,2,0,0,0,0,0
1709,2,0,0,0,0,0
1710,5,5,5,0,0,5
1714,2,0,0,0,0,0
1712,2,0,0,0,0,0
1713,5,5,5,0,0,5
1717,2,0,0,0,0,0
1715,2,0,0,0,0,0
1716,5,5,5,0,0,5
1720,2,0,0,0,0,0
1718,2,0,0,0,0,0
1719,5,5,5,0,0,5
1723,2,0,0,0,0,0
1721,2,0,0,0,0,0
1722,5,5,5,0,0,5
1726,2,0,0,0,0,0
1724,2,0,0,0,0,0
1725,5,5,5,0,0,5
1729,2,0,0,0,0,0
1727,2,0,0,0,0,0
1728,5,5,5,0,0,5
1732,2,0,0,0,0,0
1730,2,0,0,0,0,0
1731,5,5,5,0,0,5
1735,2,0,0,0,0,0
1733,2,0,0,0,0,0
1734,5,5,5,0,0,5
1738,2,0,0,0,0,0
1736,2,0,0,0,0,0
1737,5,5,5,0,0,5
1741,2,0,0,0,0,0
1739,2,0,0,0,0,0
1740,5,5,5,0,0,5
1744,2,0,0,0,0,0
1742,2,0,0,0,0,0
1743,5,5,5,0,0,5
1747,2,0,0,0,0,0
1745,2,0,0,0,0,0
1746,5,5,5,0,0,5
1750,2,0,0,0,0,0
1748,2,0,0,0,0,0
1749,5,5,5,0,0,5
1753,2,0,0,0,0,0
1751,2,0,0,0,0,0
1752,5,5,5,0,0,5
1756,2,0,0,0,0,0
1754,2,0,0,0,0,0
1755,5,5,5,0,0,5
1759,2,0,0,0,0,0
1757,2,0,0,0,0,0
1758,5,5,5,0,0,5
1762,2,0,0,0,0,0
1760,2,0,0,0,0,0
1761,5,5,5,0,0,5
1765,2,0,0,0,0,0
1763,2,0,0,0,0,0
1764,5,5,5,0,0,5
1768,2,0,0,0,0,0
1766,2,0,0,0,0,0
1767,5,5,5,0,0,5
1771,2,0,0,0,0,0
1769,2,0,0,0,0,0
1770,5,5,5,0,0,5
1774,2,0,0,0,0,0
1772,2,0,0,0,0,0
1773,5,5,5,0,0,5
1777,2,0,0,0,0,0
1775,2,0,0,0,0,0
1776,5,5,5,0,0,5
1780,2,0,0,0,0,0
1778,2,0,0,0,0,0
1779,5,5,5,0,0,5
1783,2,0,0,0,0,0
1781,2,0,0,0,0,0
1782,5,5,5,0,0,5
1786,2,0,0,0,0,0
1784,2,0,0,0,0,0
1785,5,5,5,0,0,5
1789,2,0,0,0,0,0
1787,2,0,0,0,0,0
1788,5,5,5,0,0,5
1792,2,0,0,0,0,0
1790,2,0,0,0,0,0
1791,5,5,5,0,0,5
1795,2,0,0,0,0,0
1793,2,0,0,0,0,0
1794,5,5,5,0,0,5
1798,2,0,0,0,0,0
1796,2,0,0,0,0,0
1797,5,5,5,0,0,5
1801,2,0,0,0,0,0
1799,2,0,0,0,0,0
1800,5,5,5,0,0,5
1804,2,0,0,0,0,0
1802,2,0,0,0,0,0
1803,5,5,5,0,0,5
1807,2,0,0,0,0,0
1805,2,0,0,0,0,0
1806,5,5,5,0,0,5
1810,2,0,0,0,0,0
1808,2,0,0,0,0,0
1809,5,5,5,0,0,5
1813,2,0,0,0,0,0
1811,2,0,0,0,0,0
1812,5,5,5,0,0,5
1816,2,0,0,0,0,0
1814,2,0,0,0,0,0
1815,5,5,5,0,0,5
1819,2,0,0,0,0,0
1817,2,0,0,0,0,0
1818,5,5,5,0,0,5
1822,2,0,0,0,0,0
1820,2,0,0,0,0,0
1821,5,5,5,0,0,5
1825,2,0,0,0,0,0
1823,2,0,0,0,0,0
1824,5,5,5,0,0,5
1828,2,0,0,0,0,0
1826,2,0,0,0,0,0
1827,5,5,5,0,0,5
1831,2,0,0,0,0,0
1829,2,0,0,0,0,0
1830,5,5,5,0,0,5
1834,2,0,0,0,0,0
1832,2,0,0,0,0,0
1833,5,5,5,0,0,5
1837,2,0,0,0,0,0
1835,2,0,0,0,0,0
1836,5,5,5,0,0,5
1840,2,0,0,0,0,0
1838,2,0,0,0,0,0
1839,5,5,5,0,0,5
1843,2,0,0,0,0,0
1841,2,0,0,0,0,0
1842,5,5,5,0,0,5
1846,2,0,0,0,0,0
1844,2,0,0,0,0,0
1845,5,5,5,0,0,5
1849,2,0,0,0,0,0
1847,2,0,0,0,0,0
1848,5,5,5,0,0,5
1852,2,0,0,0,0,0
1850,2,0,0,0,0,0
1851,5,5,5,0,0,5
1855,2,0,0,0,0,0
1853,2,0,0,0,0,0
1854,5,5,5,0,0,5
1858,2,0,0,0,0,0
1856,2,0,0,0,0,0
1857,5,5,5,0,0,5
1861,2,0,0,0,0,0
1859,2,0,0,0,0,0
1860,5,5,5,0,0,5
1864,2,0,0,0,0,0
1862,2,0,0,0,0,0
1863,5,5,5,0,0,5
1867,2,0,0,0,0,0
1865,2,0,0,0,0,0
1866,5,5,5,0,0,5
1870,2,0,0,0,0,0
1868,2,0,0,0,0,0
1869,5,5,5,0,0,5
1873,2,0,0,0,0,0
1871,2,0,0,0,0,0
1872,5,5,5,0,0,5
1876,2,0,0,0,0,0
1874,2,0,0,0,0,0
1875,5,5,5,0,0,5
1879,2,0,0,0,0,0
1877,2,0,0,0,0,0
1878,5,5,5,0,0,5
1882,2,0,0,0,0,0
1880,2,0,0,0,0,0
1881,5,5,5,0,0,5
1885,2,0,0,0,0,0
1883,2,0,0,0,0,0
1884,5,5,5,0,0,5
1888,2,0,0,0,0,0
1886,2,0,0,0,0,0
1887,5,5,5,0,0,5
1891,2,0,0,0,0,0
1889,2,0,0,0,0,0
1890,5,5,5,0,0,5
1894,2,0,0,0,0,0
1892,2,0,0,0,0,0
1893,5,5,5,0,0,5
1897,2,0,0,0,0,0
1895,2,0,0,0,0,0
1896,5,5,5,0,0,5
1900,2,0,0,0,0,0
1898,2,0,0,0,0,0
1899,5,5,5,0,0,5
1903,2,0,0,0,0,0
1901,2,0,0,0,0,0
1902,5,5,5,0,0,5
1906,2,0,0,0,0,0
1904,2,0,0,0,0,0
1905,5,5,5,0,0,5
1909,2,0,0,0,0,0
1907,2,0,0,0,0,0
1908,5,5,5,0,0,5
1912,2,0,0,0,0,0
1910,2,0,0,0,0,0
1911,5,5,5,0,0,5
1915,2,0,0,0,0,0
1913,2,0,0,0,0,0
1914,5,5,5,0,0,5
1918,2,0,0,0,0,0
1916,2,0,0,0,0,0
1917,5,5,5,0,0,5
1921,2,0,0,0,0,0
1919,2,0,0,0,0,0
1920,5,5,5,0,0,5
1924,2,0,0,0,0,0
1922,2,0,0,0,0,0
1923,5,5,5,0,0,5
1927,2,0,0,0,0,0
1925,2,0,0,0,0,0
1926,5,5,5,0,0,5
1930,2,0,0,0,0,0
1928,2,0,0,0,0,0
1929,5,5,5,0,0,5
1933,2,0,0,0,0,0
1931,2,0,0,0,0,0
1932,5,5,5,0,0,5
1936,2,0,0,0,0,0
1934,2,0,0,0,0,0
1935,5,5,5,0,0,5
1939,2,0,0,0,0,0
1937,2,0,0,0,0,0
1938,5,5,5,0,0,5
1942,2,0,0,0,0,0
1940,2,0,0,0,0,0
1941,5,5,5,0,0,5
1945,2,0,0,0,0,0
1943,2,0,0,0,0,0
1944,5,5,5,0,0,5
1948,2,0,0,0,0,0
1946,2,0,0,0,0,0
1947,5,5,5,0,0,5
1951,2,0,0,0,0,0
1949,2,0,0,0,0,0
1950,5,5,5,0,0,5
1954,2,0,0,0,0,0
1952,2,0,0,0,0,0
1953,5,5,5,0,0,5
1957,2,0,0,0,0,0
1955,2,0,0,0,0,0
1956,5,5,5,0,0,5
1960,2,0,0,0,0,0
1958,2,0,0,0,0,0
1959,5,5,5,0,0,5
1963,2,0,0,0,0,0
1961,2,0,0,0,0,0
1962,5,5,5,0,0,5
1966,2,0,0,0,0,0
1964,2,0,0,0,0,0
1965,5,5,5,0,0,5
1969,2,0,0,0,0,0
1967,2,0,0,0,0,0
1968,5,5,5,0,0,5
1972,2,0,0,0,0,0
1970,2,0,0,0,0,0
1971,5,5,5,0,0,5
1975,2,0,0,0,0,0
1973,2,0,0,0,0,0
1974,5,5,5,0,0,5
1978,2,0,0,0,0,0
1976,2,0,0,0,0,0
1977,5,5,5,0,0,5
1981,2,0,0,0,0,0
1979,2,0,0,0,0,0
1980,5,5,5,0,0,5
1984,2,0,0,0,0,0
1982,2,0,0,0,0,0
1983,5,5,5,0,0,5
1987,2,0,0,0,0,0
1985,2,0,0,0,0,0
1986,5,5,5,0,0,5
1990,2,0,0,0,0,0
1988,2,0,0,0,0,0
1989,5,5,5,0,0,5
1993,2,0,0,0,0,0
1991,2,0,0,0,0,0
1992,5,5,5,0,0,5
1996,2,0,0,0,0,0
1994,2,0,0,0,0,0
1995,5,5,5,0,0,5
1999,2,0,0,0,0,0
1997,2,0,0,0,0,0
1998,5,5,5,0,0,5
2002,2,0,0,0,0,0
2000,2,0,0,0,0,0
2001,5,5,5,0,0,5
2005,2,0,0,0,0,0
2003,2,0,0,0,0,0
2004,5,5,5,0,0,5
2008,2,0,0,0,0,0
2006,2,0,0,0,0,0
2007,5,5,5,0,0,5
2011,2,0,0,0,0,0
2009,2,0,0,0,0,0
2010,5,5,5,0,0,5
2014,2,0,0,0,0,0
2012,2,0,0,0,0,0
2013,5,5,5,0,0,5
2017,2,0,0,0,0,0
2015,2,0,0,0,0,0
2016,5,5,5,0,0,5
2020,2,0,0,0,0,0
2018,2,0,0,0,0,0
2019,5,5,5,0,0,5
2023,2,0,0,0,0,0
2021,2,0,0,0,0,0
2022,5,5,5,0,0,5
2026,2,0,0,0,0,0
2024,2,0,0,0,0,0
2025,5,5,5,0,0,5
2029,2,0,0,0,0,0
2027,2,0,0,0,0,0
2028,5,5,5,0,0,5
2032,2,0,0,0,0,0
2030,2,0,0,0,0,0
2031,5,5,5,0,0,5
2035,2,0,0,0,0,0
2033,2,0,0,0,0,0
2034,5,5,5,0,0,5
2038,2,0,0,0,0,0
2036,2,0,0,0,0,0
2037,5,5,5,0,0,5
2041,2,0,0,0,0,0
2039,2,0,0,0,0,0
2040,5,5,5,0,0,5
2044,2,0,0,0,0,0
2042,2,0,0,0,0,0
2043,5,5,5,0,0,5
2047,2,0,0,0,0,0
2045,2,0,0,0,0,0
2046,5,5,5,0,0,5
2050,2,0,0,0,0,0
2048,2,0,0,0,0,0
2049,5,5,5,0,0,5
2053,2,0,0,0,0,0
2051,2,0,0,0,0,0
2052,5,5,5,0,0,5
2056,2,0,0,0,0,0
2054,2,0,0,0,0,0
2055,5,5,5,0,0,5
2059,2,0,0,0,0,0
2057,2,0,0,0,0,0
2058,5,5,5,0,0,5
2062,2,0,0,0,0,0
2060,2,0,0,0,0,0
2061,5,5,5,0,0,5
2065,2,0,0,0,0,0
2063,2,0,0,0,0,0
2064,5,5,5,0,0,5
2068,2,0,0,0,0,0
2066,2,0,0,0,0,0
2067,5,5,5,0,0,5
2071,2,0,0,0,0,0
2069,2,0,0,0,0,0
2070,5,5,5,0,0,5
2074,2,0,0,0,0,0
2072,2,0,0,0,0,0
2073,5,5,5,0,0,5
2077,2,0,0,0,0,0
2075,2,0,0,0,0,0
2076,5,5,5,0,0,5
2080,2,0,0,0,0,0
2078,2,0,0,0,0,0
2079,5,5,5,0,0,5
2083,2,0,0,0,0,0
2081,2,0,0,0,0,0
2082,5,5,5,0,0,5
2086,2,0,0,0,0,0
2084,2,0,0,0,0,0
2085,5,5,5,0,0,5
2089,2,0,0,0,0,0
2087,2,0,0,0,0,0
2088,5,5,5,0,0,5
2092,2,0,0,0,0,0
2090,2,0,0,0,0,0
2091,5,5,5,0,0,5
2095,2,0,0,0,0,0
2093,2,0,0,0,0,0
2094,5,5,5,0,0,5
2098,2,0,0,0,0,0
2096,2,0,0,0,0,0
2097,5,5,5,0,0,5
2101,2,0,0,0,0,0
2099,2,0,0,0,0,0
2100,5,5,5,0,0,5
2104,2,0,0,0,0,0
2102,2,0,0,0,0,0
2103,5,5,5,0,0,5
2107,2,0,0,0,0,0
2105,2,0,0,0,0,0
2106,5,5,5,0,0,5
2110,2,0,0,0,0,0
2108,2,0,0,0,0,0
2109,5,5,5,0,0,5
2113,2,0,0,0,0,0
2111,2,0,0,0,0,0
2112,5,5,5,0,0,5
2116,2,0,0,0,0,0
2114,2,0,0,0,0,0
2115,5,5,5,0,0,5
2119,2,0,0,0,0,0
2117,2,0,0,0,0,0
2118,5,5,5,0,0,5
2122,2,0,0,0,0,0
2120,2,0,0,0,0,0
2121,5,5,5,0,0,5
2125,2,0,0,0,0,0
2123,2,0,0,0,0,0
2124,5,5,5,0,0,5
2128,2,0,0,0,0,0
2126,2,0,0,0,0,0
2127,5,5,5,0,0,5
2131,2,0,0,0,0,0
2129,2,0,0,0,0,0
2130,5,5,5,0,0,5
2134,2,0,0,0,0,0
2132,2,0,0,0,0,0
2133,5,5,5,0,0,5
2137,2,0,0,0,0,0
2135,2,0,0,0,0,0
2136,5,5,5,0,0,5
2140,2,0,0,0,0,0
2138,2,0,0,0,0,0
2139,5,5,5,0,0,5
2143,2,0,0,0,0,0
2141,2,0,0,0,0,0
2142,5,5,5,0,0,5
2146,2,0,0,0,0,0
2144,2,0,0,0,0,0
2145,5,5,5,0,0,5
2149,2,0,0,0,0,0
2147,2,0,0,0,0,0
2148,5,5,5,0,0,5
2152,2,0,0,0,0,0
2150,2,0,0,0,0,0
2151,5,5,5,0,0,5
2155,2,0,0,0,0,0
2153,2,0,0,0,0,0
2154,5,5,5,0,0,5
2158,2,0,0,0,0,0
2156,2,0,0,0,0,0
2157,5,5,5,0,0,5
2161,2,0,0,0,0,0
2159,2,0,0,0,0,0
2160,5,5,5,0,0,5
2164,2,0,0,0,0,0
2162,2,0,0,0,0,0
2163,5,5,5,0,0,5
2167,2,0,0,0,0,0
2165,2,0,0,0,0,0
2166,5,5,5,0,0,5
2170,2,0,0,0,0,0
2168,2,0,0,0,0,0
2169,5,5,5,0,0,5
2173,2,0,0,0,0,0
2171,2,0,0,0,0,0
2172,5,5,5,0,0,5
2176,2,0,0,0,0,0
2174,2,0,0,0,0,0
2175,5,5,5,0,0,5
2179,2,0,0,0,0,0
2177,2,0,0,0,0,0
2178,5,5,5,0,0,5
2182,2,0,0,0,0,0
2180,2,0,0,0,0,0
2181,5,5,5,0,0,5
2185,2,0,0,0,0,0
2183,2,0,0,0,0,0
2184,5,5,5,0,0,5
2188,2,0,0,0,0,0
2186,2,0,0,0,0,0
2187,5,5,5,0,0,5
2191,2,0,0,0,0,0
2189,2,0,0,0,0,0
2190,5,5,5,0,0,5
2194,2,0,0,0,0,0
2192,2,0,0,0,0,0
2193,5,5,5,0,0,5
2197,2,0,0,0,0,0
2195,2,0,0,0,0,0
2196,5,5,5,0,0,5
2200,2,0,0,0,0,0
2198,2,0,0,0,0,0
2199,5,5,5,0,0,5
2203,2,0,0,0,0,0
2201,2,0,0,0,0,0
2202,5,5,5,0,0,5
2206,2,0,0,0,0,0
2204,2,0,0,0,0,0
2205,5,5,5,0,0,5
2209,2,0,0,0,0,0
2207,2,0,0,0,0,0
2208,5,5,5,0,0,5
2212,2,0,0,0,0,0
2210,2,0,0,0,0,0
2211,5,5,5,0,0,5
2215,2,0,0,0,0,0
2213,2,0,0,0,0,0
2214,5,5,5,0,0,5
2218,2,0,0,0,0,0
2216,2,0,0,0,0,0
2217,5,5,5,0,0,5
2221,2,0,0,0,0,0
2219,2,0,0,0,0,0
2220,5,5,5,0,0,5
2224,2,0,0,0,0,0
2222,2,0,0,0,0,0
2223,5,5,5,0,0,5
2227,2,0,0,0,0,0
2225,2,0,0,0,0,0
2226,5,5,5,0,0,5
2230,2,0,0,0,0,0
2228,2,0,0,0,0,0
2229,5,5,5,0,0,5
2233,2,0,0,0,0,0
2231,2,0,0,0,0,0
2232,5,5,5,0,0,5
2236,2,0,0,0,0,0
2234,2,0,0,0,0,0
2235,5,5,5,0,0,5
2239,2,0,0,0,0,0
2237,2,0,0,0,0,0
2238,5,5,5,0,0,5
2242,2,0,0,0,0,0
2240,2,0,0,0,0,0
2241,5,5,5,0,0,5
2245,2,0,0,0,0,0
2243,2,0,0,0,0,0
2244,5,5,5,0,0,5
2248,2,0,0,0,0,0
2246,2,0,0,0,0,0
2247,5,5,5,0,0,5
2251,2,0,0,0,0,0
2249,2,0,0,0,0,0
2250,5,5,5,0,0,5
2254,2,0,0,0,0,0
2252,2,0,0,0,0,0
2253,5,5,5,0,0,5
2257,2,0,0,0,0,0
2255,2,0,0,0,0,0
2256,5,5,5,0,0,5
2260,2,0,0,0,0,0
2258,2,0,0,0,0,0
2259,5,5,5,0,0,5
2263,2,0,0,0,0,0
2261,2,0,0,0,0,0
2262,5,5,5,0,0,5
2266,2,0,0,0,0,0
2264,2,0,0,0,0,0
2265,5,5,5,0,0,5
2269,2,0,0,0,0,0
2267,2,0,0,0,0,0
2268,5,5,5,0,0,5
2272,2,0,0,0,0,0
2270,2,0,0,0,0,0
2271,5,5,5,0,0,5
2275,2,0,0,0,0,0
2273,2,0,0,0,0,0
2274,5,5,5,0,0,5
2278,2,0,0,0,0,0
2276,2,0,0,0,0,0
2277,5,5,5,0,0,5
2281,2,0,0,0,0,0
2279,2,0,0,0,0,0
2280,5,5,5,0,0,5
2284,2,0,0,0,0,0
2282,2,0,0,0,0,0
2283,5,5,5,0,0,5
2287,2,0,0,0,0,0
2285,2,0,0,0,0,0
2286,5,5,5,0,0,5
2290,2,0,0,0,0,0
2288,2,0,0,0,0,0
2289,5,5,5,0,0,5
2293,2,0,0,0,0,0
2291,2,0,0,0,0,0
2292,5,5,5,0,0,5
2296,2,0,0,0,0,0
2294,2,0,0,0,0,0
2295,5,5,5,0,0,5
2299,2,0,0,0,0,0
2297,2,0,0,0,0,0
2298,5,5,5,0,0,5
2302,2,0,0,0,0,0
2300,2,0,0,0,0,0
2301,5,5,5,0,0,5
2305,2,0,0,0,0,0
2303,2,0,0,0,0,0
2304,5,5,5,0,0,5
2308,2,0,0,0,0,0
2306,2,0,0,0,0,0
2307,5,5,5,0,0,5
2311,2,0,0,0,0,0
2309,2,0,0,0,0,0
2310,5,5,5,0,0,5
2314,2,0,0,0,0,0
2312,2,0,0,0,0,0
2313,5,5,5,0,0,5
2317,2,0,0,0,0,0
2315,2,0,0,0,0,0
2316,5,5,5,0,0,5
2320,2,0,0,0,0,0
2318,2,0,0,0,0,0
2319,5,5,5,0,0,5
2323,2,0,0,0,0,0
2321,2,0,0,0,0,0
2322,5,5,5,0,0,5
2326,2,0,0,0,0,0
2324,2,0,0,0,0,0
2325,5,5,5,0,0,5
2329,2,0,0,0,0,0
2327,2,0,0,0,0,0
2328,5,5,5,0,0,5
2332,2,0,0,0,0,0
2330,2,0,0,0,0,0
2331,5,5,5,0,0,5
2335,2,0,0,0,0,0
2333,2,0,0,0,0,0
2334,5,5,5,0,0,5
2338,2,0,0,0,0,0
2336,2,0,0,0,0,0
2337,5,5,5,0,0,5
2341,2,0,0,0,0,0
2339,2,0,0,0,0,0
2340,5,5,5,0,0,5
2344,2,0,0,0,0,0
2342,2,0,0,0,0,0
2343,5,5,5,0,0,5
2347,2,0,0,0,0,0
2345,2,0,0,0,0,0
2346,5,5,5,0,0,5
2350,2,0,0,0,0,0
2348,2,0,0,0,0,0
2349,5,5,5,0,0,5
2353,2,0,0,0,0,0
2351,2,0,0,0,0,0
2352,5,5,5,0,0,5
2356,2,0,0,0,0,0
2354,2,0,0,0,0,0
2355,5,5,5,0,0,5
2359,2,0,0,0,0,0
2357,2,0,0,0,0,0
2358,5,5,5,0,0,5
2362,2,0,0,0,0,0
2360,2,0,0,0,0,0
2361,5,5,5,0,0,5
2365,2,0,0,0,0,0
2363,2,0,0,0,0,0
2364,5,5,5,0,0,5
2368,2,0,0,0,0,0
2366,2,0,0,0,0,0
2367,5,5,5,0,0,5
2371,2,0,0,0,0,0
2369,2,0,0,0,0,0
2370,5,5,5,0,0,5
2374,2,0,0,0,0,0
2372,2,0,0,0,0,0
2373,5,5,5,0,0,5
2377,2,0,0,0,0,0
2375,2,0,0,0,0,0
2376,5,5,5,0,0,5
2380,2,0,0,0,0,0
2378,2,0,0,0,0,0
2379,5,5,5,0,0,5
2383,2,0,0,0,0,0
2381,2,0,0,0,0,0
2382,5,5,5,0,0,5
2386,2,0,0,0,0,0
2384,2,0,0,0,0,0
2385,5,5,5,0,0,5
2389,2,0,0,0,0,0
2387,2,0,0,0,0,0
2388,5,5,5,0,0,5
2392,2,0,0,0,0,0
2390,2,0,0,0,0,0
2391,5,5,5,0,0,5
2395,2,0,0,0,0,0
2393,2,0,0,0,0,0
2394,5,5,5,0,0,5
2398,2,0,0,0,0,0
2396,2,0,0,0,0,0
2397,5,5,5,0,0,5
2401,2,0,0,0,0,0
2399,2,0,0,0,0,0
2400,5,5,5,0,0,5
2404,2,0,0,0,0,0
2402,2,0,0,0,0,0
2403,5,5,5,0,0,5
2407,2,0,0,0,0,0
2405,2,0,0,0,0,0
2406,5,5,5,0,0,5
2410,2,0,0,0,0,0
2408,2,0,0,0,0,0
2409,5,5,5,0,0,5
2413,2,0,0,0,0,0
2411,2,0,0,0,0,0
2412,5,5,5,0,0,5
2416,2,0,0,0,0,0
2414,2,0,0,0,0,0
2415,5,5,5,0,0,5
2419,2,0,0,0,0,0
2417,2,0,0,0,0,0
2418,5,5,5,0,0,5
2422,2,0,0,0,0,0
2420,2,0,0,0,0,0
2421,5,5,5,0,0,5
2425,2,0,0,0,0,0
2423,2,0,0,0,0,0
2424,5,5,5,0,0,5
2428,2,0,0,0,0,0
2426,2,0,0,0,0,0
2427,5,5,5,0,0,5
2431,2,0,0,0,0,0
2429,2,0,0,0,0,0
2430,5,5,5,0,0,5
2434,2,0,0,0,0,0
2432,2,0,0,0,0,0
2433,5,5,5,0,0,5
2437,2,0,0,0,0,0
2435,2,0,0,0,0,0
2436,5,5,5,0,0,5
2440,2,0,0,0,0,0
2438,2,0,0,0,0,0
2439,5,5,5,0,0,5
2443,2,0,0,0,0,0
2441,2,0,0,0,0,0
2442,5,5,5,0,0,5
2446,2,0,0,0,0,0
2444,2,0,0,0,0,0
2445,5,5,5,0,0,5
2449,2,0,0,0,0,0
2447,2,0,0,0,0,0
2448,5,5,5,0,0,5
2452,2,0,0,0,0,0
2450,2,0,0,0,0,0
2451,5,5,5,0,0,5
2455,2,0,0,0,0,0
2453,2,0,0,0,0,0
2454,5,5,5,0,0,5
2458,2,0,0,0,0,0
2456,2,0,0,0,0,0
2457,5,5,5,0,0,5
2461,2,0,0,0,0,0
2459,2,0,0,0,0,0
2460,5,5,5,0,0,5
2464,2,0,0,0,0,0
2462,2,0,0,0,0,0
2463,5,5,5,0,0,5
2467,2,0,0,0,0,0
2465,2,0,0,0,0,0
2466,5,5,5,0,0,5
2470,2,0,0,0,0,0
2468,2,0,0,0,0,0
2469,5,5,5,0,0,5
2473,2,0,0,0,0,0
2471,2,0,0,0,0,0
2472,5,5,5,0,0,5
2476,2,0,0,0,0,0
2474,2,0,0,0,0,0
2475,5,5,5,0,0,5
2479,2,0,0,0,0,0
2477,2,0,0,0,0,0
2478,5,5,5,0,0,5
2482,2,0,0,0,0,0
2480,2,0,0,0,0,0
2481,5,5,5,0,0,5
2485,2,0,0,0,0,0
2483,2,0,0,0,0,0
2484,5,5,5,0,0,5
2488,2,0,0,0,0,0
2486,2,0,0,0,0,0
2487,5,5,5,0,0,5
2491,2,0,0,0,0,0
2489,2,0,0,0,0,0
2490,5,5,5,0,0,5
2494,2,0,0,0,0,0
2492,2,0,0,0,0,0
2493,5,5,5,0,0,5
2497,2,0,0,0,0,0
2495,2,0,0,0,0,0
2496,5,5,5,0,0,5
2500,2,0,0,0,0,0
2498,2,0,0,0,0,0
2499,5,5,5,0,0,5
2503,2,0,0,0,0,0
2501,2,0,0,0,0,0
2502,5,5,5,0,0,5
2506,2,0,0,0,0,0
2504,2,0,0,0,0,0
2505,5,5,5,0,0,5
2509,2,0,0,0,0,0
2507,2,0,0,0,0,0
2508,5,5,5,0,0,5
2512,2,0,0,0,0,0
2510,2,0,0,0,0,0
2511,5,5,5,0,0,5
2515,2,0,0,0,0,0
2513,2,0,0,0,0,0
2514,5,5,5,0,0,5
2518,2,0,0,0,0,0
2516,2,0,0,0,0,0
2517,5,5,5,0,0,5
2521,2,0,0,0,0,0
2519,2,0,0,0,0,0
2520,5,5,5,0,0,5
2524,2,0,0,0,0,0
2522,2,0,0,0,0,0
2523,5,5,5,0,0,5
2527,2,0,0,0,0,0
2525,2,0,0,0,0,0
2526,5,5,5,0,0,5
2530,2,0,0,0,0,0
2528,2,0,0,0,0,0
2529,5,5,5,0,0,5
2533,2,0,0,0,0,0
2531,2,0,0,0,0,0
2532,5,5,5,0,0,5
2536,2,0,0,0,0,0
2534,2,0,0,0,0,0
2535,5,5,5,0,0,5
2539,2,0,0,0,0,0
2537,2,0,0,0,0,0
2538,5,5,5,0,0,5
2542,2,0,0,0,0,0
2540,2,0,0,0,0,0
2541,5,5,5,0,0,5
2545,2,0,0,0,0,0
2543,2,0,0,0,0,0
2544,5,5,5,0,0,5
2548,2,0,0,0,0,0
2546,2,0,0,0,0,0
2547,5,5,5,0,0,5
2551,2,0,0,0,0,0
2549,2,0,0,0,0,0
2550,5,5,5,0,0,5
2554,2,0,0,0,0,0
2552,2,0,0,0,0,0
2553,5,5,5,0,0,5
2557,2,0,0,0,0,0
2555,2,0,0,0,0,0
2556,5,5,5,0,0,5
2560,2,0,0,0,0,0
2558,2,0,0,0,0,0
2559,5,5,5,0,0,5
2563,2,0,0,0,0,0
2561,2,0,0,0,0,0
2562,5,5,5,0,0,5
2566,2,0,0,0,0,0
2564,2,0,0,0,0,0
2565,5,5,5,0,0,5
2569,2,0,0,0,0,0
2567,2,0,0,0,0,0
2568,5,5,5,0,0,5
2572,2,0,0,0,0,0
2570,2,0,0,0,0,0
2571,5,5,5,0,0,5
2575,2,0,0,0,0,0
2573,2,0,0,0,0,0
2574,5,5,5,0,0,5
2578,2,0,0,0,0,0
2576,2,0,0,0,0,0
2577,5,5,5,0,0,5
2581,2,0,0,0,0,0
2579,2,0,0,0,0,0
2580,5,5,5,0,0,5
2584,2,0,0,0,0,0
2582,2,0,0,0,0,0
2583,5,5,5,0,0,5
2587,2,0,0,0,0,0
2585,2,0,0,0,0,0
2586,5,5,5,0,0,5
2590,2,0,0,0,0,0
2588,2,0,0,0,0,0
2589,5,5,5,0,0,5
2593,2,0,0,0,0,0
2591,2,0,0,0,0,0
2592,5,5,5,0,0,5
2596,2,0,0,0,0,0
2594,2,0,0,0,0,0
2595,5,5,5,0,0,5
2599,2,0,0,0,0,0
2597,2,0,0,0,0,0
2598,5,5,5,0,0,5
2602,2,0,0,0,0,0
2600,2,0,0,0,0,0
2601,5,5,5,0,0,5
2605,2,0,0,0,0,0
2603,2,0,0,0,0,0
2604,5,5,5,0,0,5
2608,2,0,0,0,0,0
2606,2,0,0,0,0,0
2607,5,5,5,0,0,5
2611,2,0,0,0,0,0
2609,2,0,0,0,0,0
2610,5,5,5,0,0,5
2614,2,0,0,0,0,0
2612,2,0,0,0,0,0
2613,5,5,5,0,0,5
2617,2,0,0,0,0,0
2615,2,0,0,0,0,0
2616,5,5,5,0,0,5
2620,2,0,0,0,0,0
2618,2,0,0,0,0,0
2619,5,5,5,0,0,5
2623,2,0,0,0,0,0
2621,2,0,0,0,0,0
2622,5,5,5,0,0,5
2626,2,0,0,0,0,0
2624,2,0,0,0,0,0
2625,5,5,5,0,0,5
2629,2,0,0,0,0,0
2627,2,0,0,0,0,0
2628,5,5,5,0,0,5
2632,2,0,0,0,0,0
2630,2,0,0,0,0,0
2631,5,5,5,0,0,5
2635,2,0,0,0,0,0
2633,2,0,0,0,0,0
2634,5,5,5,0,0,5
2638,2,0,0,0,0,0
2636,2,0,0,0,0,0
2637,5,5,5,0,0,5
2641,2,0,0,0,0,0
2639,2,0,0,0,0,0
2640,5,5,5,0,0,5
2644,2,0,0,0,0,0
2642,2,0,0,0,0,0
2643,5,5,5,0,0,5
2647,2,0,0,0,0,0
2645,2,0,0,0,0,0
2646,5,5,5,0,0,5
2650,2,0,0,0,0,0
2648,2,0,0,0,0,0
2649,5,5,5,0,0,5
2653,2,0,0,0,0,0
2651,2,0,0,0,0,0
2652,5,5,5,0,0,5
2656,2,0,0,0,0,0
2654,2,0,0,0,0,0
2655,5,5,5,0,0,5
2659,2,0,0,0,0,0
2657,2,0,0,0,0,0
2658,5,5,5,0,0,5
2662,2,0,0,0,0,0
2660,2,0,0,0,0,0
2661,5,5,5,0,0,5
2665,2,0,0,0,0,0
2663,2,0,0,0,0,0
2664,5,5,5,0,0,5
2668,2,0,0,0,0,0
2666,2,0,0,0,0,0
2667,5,5,5,0,0,5
2671,2,0,0,0,0,0
2669,2,0,0,0,0,0
2670,5,5,5,0,0,5
2674,2,0,0,0,0,0
2672,2,0,0,0,0,0
2673,5,5,5,0,0,5
2677,2,0,0,0,0,0
2675,2,0,0,0,0,0
2676,5,5,5,0,0,5
2680,2,0,0,0,0,0
2678,2,0,0,0,0,0
2679,5,5,5,0,0,5
2683,2,0,0,0,0,0
2681,2,0,0,0,0,0
2682,5,5,5,0,0,5
2686,2,0,0,0,0,0
2684,2,0,0,0,0,0
2685,5,5,5,0,0,5
2689,2,0,0,0,0,0
2687,2,0,0,0,0,0
2688,5,5,5,0,0,5
2692,2,0,0,0,0,0
2690,2,0,0,0,0,0
2691,5,5,5,0,0,5
2695,2,0,0,0,0,0
2693,2,0,0,0,0,0
2694,5,5,5,0,0,5
2698,2,0,0,0,0,0
2696,2,0,0,0,0,0
2697,5,5,5,0,0,5
2701,2,0,0,0,0,0
2699,2,0,0,0,0,0
2700,5,5,5,0,0,5
2704,2,0,0,0,0,0
2702,2,0,0,0,0,0
2703,5,5,5,0,0,5
2707,2,0,0,0,0,0
2705,2,0,0,0,0,0
2706,5,5,5,0,0,5
2710,2,0,0,0,0,0
2708,2,0,0,0,0,0
2709,5,5,5,0,0,5
2713,2,0,0,0,0,0
2711,2,0,0,0,0,0
2712,5,5,5,0,0,5
2716,2,0,0,0,0,0
2714,2,0,0,0,0,0
2715,5,5,5,0,0,5
2719,2,0,0,0,0,0
2717,2,0,0,0,0,0
2718,5,5,5,0,0,5
2722,2,0,0,0,0,0
2720,2,0,0,0,0,0
2721,5,5,5,0,0,5
2725,2,0,0,0,0,0
2723,2,0,0,0,0,0
2724,5,5,5,0,0,5
2728,2,0,0,0,0,0
2726,2,0,0,0,0,0
2727,5,5,5,0,0,5
2731,2,0,0,0,0,0
2729,2,0,0,0,0,0
2730,5,5,5,0,0,5
2734,2,0,0,0,0,0
2732,2,0,0,0,0,0
2733,5,5,5,0,0,5
2737,2,0,0,0,0,0
2735,2,0,0,0,0,0
2736,5,5,5,0,0,5
2740,2,0,0,0,0,0
2738,2,0,0,0,0,0
2739,5,5,5,0,0,5
2743,2,0,0,0,0,0
2741,2,0,0,0,0,0
2742,5,5,5,0,0,5
2746,2,0,0,0,0,0
2744,2,0,0,0,0,0
2745,5,5,5,0,0,5
2749,2,0,0,0,0,0
2747,2,0,0,0,0,0
2748,5,5,5,0,0,5
2752,2,0,0,0,0,0
2750,2,0,0,0,0,0
2751,5,5,5,0,0,5
2755,2,0,0,0,0,0
2753,2,0,0,0,0,0
2754,5,5,5,0,0,5
2758,2,0,0,0,0,0
2756,2,0,0,0,0,0
2757,5,5,5,0,0,5
2761,2,0,0,0,0,0
2759,2,0,0,0,0,0
2760,5,5,5,0,0,5
2764,2,0,0,0,0,0
2762,2,0,0,0,0,0
2763,5,5,5,0,0,5
2767,2,0,0,0,0,0
2765,2,0,0,0,0,0
2766,5,5,5,0,0,5
2770,2,0,0,0,0,0
2768,2,0,0,0,0,0
2769,5,5,5,0,0,5
2773,2,0,0,0,0,0
2771,2,0,0,0,0,0
2772,5,5,5,0,0,5
2776,2,0,0,0,0,0
2774,2,0,0,0,0,0
2775,5,5,5,0,0,5
2779,2,0,0,0,0,0
2777,2,0,0,0,0,0
2778,5,5,5,0,0,5
2782,2,0,0,0,0,0
2780,2,0,0,0,0,0
2781,5,5,5,0,0,5
2785,2,0,0,0,0,0
2783,2,0,0,0,0,0
2784,5,5,5,0,0,5
2788,2,0,0,0,0,0
2786,2,0,0,0,0,0
2787,5,5,5,0,0,5
2791,2,0,0,0,0,0
2789,2,0,0,0,0,0
2790,5,5,5,0,0,5
2794,2,0,0,0,0,0
2792,2,0,0,0,0,0
2793,5,5,5,0,0,5
2797,2,0,0,0,0,0
2795,2,0,0,0,0,0
2796,5,5,5,0,0,5
2800,2,0,0,0,0,0
2798,2,0,0,0,0,0
2799,5,5,5,0,0,5
2803,2,0,0,0,0,0
2801,2,0,0,0,0,0
2802,5,5,5,0,0,5
2806,2,0,0,0,0,0
2804,2,0,0,0,0,0
2805,5,5,5,0,0,5
2809,2,0,0,0,0,0
2807,2,0,0,0,0,0
2808,5,5,5,0,0,5
2812,2,0,0,0,0,0
2810,2,0,0,0,0,0
2811,5,5,5,0,0,5
2815,2,0,0,0,0,0
2813,2,0,0,0,0,0
2814,5,5,5,0,0,5
2818,2,0,0,0,0,0
2816,2,0,0,0,0,0
2817,5,5,5,0,0,5
2821,2,0,0,0,0,0
2819,2,0,0,0,0,0
2820,5,5,5,0,0,5
2824,2,0,0,0,0,0
2822,2,0,0,0,0,0
2823,5,5,5,0,0,5
2827,2,0,0,0,0,0
2825,2,0,0,0,0,0
2826,5,5,5,0,0,5
2830,2,0,0,0,0,0
2828,2,0,0,0,0,0
2829,5,5,5,0,0,5
2833,2,0,0,0,0,0
2831,2,0,0,0,0,0
2832,5,5,5,0,0,5
2836,2,0,0,0,0,0
2834,2,0,0,0,0,0
2835,5,5,5,0,0,5
2839,2,0,0,0,0,0
2837,2,0,0,0,0,0
2838,5,5,5,0,0,5
2842,2,0,0,0,0,0
2840,2,0,0,0,0,0
2841,5,5,5,0,0,5
2845,2,0,0,0,0,0
2843,2,0,0,0,0,0
2844,5,5,5,0,0,5
2848,2,0,0,0,0,0
2846,2,0,0,0,0,0
2847,5,5,5,0,0,5
2851,2,0,0,0,0,0
2849,2,0,0,0,0,0
2850,5,5,5,0,0,5
2854,2,0,0,0,0,0
2852,2,0,0,0,0,0
2853,5,5,5,0,0,5
2857,2,0,0,0,0,0
2855,2,0,0,0,0,0
2856,5,5,5,0,0,5
2860,2,0,0,0,0,0
2858,2,0,0,0,0,0
2859,5,5,5,0,0,5
2863,2,0,0,0,0,0
2861,2,0,0,0,0,0
2862,5,5,5,0,0,5
2866,2,0,0,0,0,0
2864,2,0,0,0,0,0
2865,5,5,5,0,0,5
2869,2,0,0,0,0,0
2867,2,0,0,0,0,0
2868,5,5,5,0,0,5
2872,2,0,0,0,0,0
2870,2,0,0,0,0,0
2871,5,5,5,0,0,5
2875,2,0,0,0,0,0
2873,2,0,0,0,0,0
2874,5,5,5,0,0,5
2878,2,0,0,0,0,0
2876,2,0,0,0,0,0
2877,5,5,5,0,0,5
2881,2,0,0,0,0,0
2879,2,0,0,0,0,0
2880,5,5,5,0,0,5
2884,2,0,0,0,0,0
2882,2,0,0,0,0,0
2883,5,5,5,0,0,5
2887,2,0,0,0,0,0
2885,2,0,0,0,0,0
2886,5,5,5,0,0,5
2890,2,0,0,0,0,0
2888,2,0,0,0,0,0
2889,5,5,5,0,0,5
2893,2,0,0,0,0,0
2891,2,0,0,0,0,0
2892,5,5,5,0,0,5
2896,2,0,0,0,0,0
2894,2,0,0,0,0,0
2895,5,5,5,0,0,5
2899,2,0,0,0,0,0
2897,2,0,0,0,0,0
2898,5,5,5,0,0,5
2902,2,0,0,0,0,0
2900,2,0,0,0,0,0
2901,5,5,5,0,0,5
2905,2,0,0,0,0,0
2903,2,0,0,0,0,0
2904,5,5,5,0,0,5
2908,2,0,0,0,0,0
2906,2,0,0,0,0,0
2907,5,5,5,0,0,5
2911,2,0,0,0,0,0
2909,2,0,0,0,0,0
2910,5,5,5,0,0,5
2914,2,0,0,0,0,0
2912,2,0,0,0,0,0
2913,5,5,5,0,0,5
2917,2,0,0,0,0,0
2915,2,0,0,0,0,0
2916,5,5,5,0,0,5
2920,2,0,0,0,0,0
2918,2,0,0,0,0,0
2919,5,5,5,0,0,5
2923,2,0,0,0,0,0
2921,2,0,0,0,0,0
2922,5,5,5,0,0,5
2926,2,0,0,0,0,0
2924,2,0,0,0,0,0
2925,5,5,5,0,0,5
2929,2,0,0,0,0,0
2927,2,0,0,0,0,0
2928,5,5,5,0,0,5
2932,2,0,0,0,0,0
2930,2,0,0,0,0,0
2931,5,5,5,0,0,5
2935,2,0,0,0,0,0
2933,2,0,0,0,0,0
2934,5,5,5,0,0,5
2938,2,0,0,0,0,0
2936,2,0,0,0,0,0
2937,5,5,5,0,0,5
2941,2,0,0,0,0,0
2939,2,0,0,0,0,0
2940,5,5,5,0,0,5
2944,2,0,0,0,0,0
2942,2,0,0,0,0,0
2943,5,5,5,0,0,5
2947,2,0,0,0,0,0
2945,2,0,0,0,0,0
2946,5,5,5,0,0,5
2950,2,0,0,0,0,0
2948,2,0,0,0,0,0
2949,5,5,5,0,0,5
2953,2,0,0,0,0,0
2951,2,0,0,0,0,0
2952,5,5,5,0,0,5
2956,2,0,0,0,0,0
2954,2,0,0,0,0,0
2955,5,5,5,0,0,5
2959,2,0,0,0,0,0
2957,2,0,0,0,0,0
2958,5,5,5,0,0,5
2962,2,0,0,0,0,0
2960,2,0,0,0,0,0
2961,5,5,5,0,0,5
2965,2,0,0,0,0,0
2963,2,0,0,0,0,0
2964,5,5,5,0,0,5
2968,2,0,0,0,0,0
2966,2,0,0,0,0,0
2967,5,5,5,0,0,5
2971,2,0,0,0,0,0
2969,2,0,0,0,0,0
2970,5,5,5,0,0,5
2974,2,0,0,0,0,0
2972,2,0,0,0,0,0
2973,5,5,5,0,0,5
2977,2,0,0,0,0,0
2975,2,0,0,0,0,0
2976,5,5,5,0,0,5
2980,2,0,0,0,0,0
2978,2,0,0,0,0,0
2979,5,5,5,0,0,5
2983,2,0,0,0,0,0
2981,2,0,0,0,0,0
2982,5,5,5,0,0,5
2986,2,0,0,0,0,0
2984,2,0,0,0,0,0
2985,5,5,5,0,0,5
2989,2,0,0,0,0,0
2987,2,0,0,0,0,0
2988,5,5,5,0,0,5
2992,2,0,0,0,0,0
2990,2,0,0,0,0,0
2991,5,5,5,0,0,5
2995,2,0,0,0,0,0
2993,2,0,0,0,0,0
2994,5,5,5,0,0,5
2998,2,0,0,0,0,0
2996,2,0,0,0,0,0
2997,5,5,5,0,0,5
3001,2,0,0,0,0,0
2999,2,0,0,0,0,0
3000,5,5,5,0,0,5
3004,2,0,0,0,0,0
3002,2,0,0,0,0,0
3003,5,5,5,0,0,5
3007,2,0,0,0,0,0
3005,2,0,0,0,0,0
3006,5,5,5,0,0,5
3010,2,0,0,0,0,0
3008,2,0,0,0,0,0
3009,5,5,5,0,0,5
3013,2,0,0,0,0,0
3011,2,0,0,0,0,0
3012,5,5,5,0,0,5
3016,2,0,0,0,0,0
3014,2,0,0,0,0,0
3015,5,5,5,0,0,5
3019,2,0,0,0,0,0
3017,2,0,0,0,0,0
3018,5,5,5,0,0,5
3022,2,0,0,0,0,0
3020,2,0,0,0,0,0
3021,5,5,5,0,0,5
3025,2,0,0,0,0,0
3023,2,0,0,0,0,0
3024,5,5,5,0,0,5
3028,2,0,0,0,0,0
3026,2,0,0,0,0,0
3027,5,5,5,0,0,5
3031,2,0,0,0,0,0
3029,2,0,0,0,0,0
3030,5,5,5,0,0,5
3034,2,0,0,0,0,0
3032,2,0,0,0,0,0
3033,5,5,5,0,0,5
3037,2,0,0,0,0,0
3035,2,0,0,0,0,0
3036,5,5,5,0,0,5
3040,2,0,0,0,0,0
3038,2,0,0,0,0,0
3039,5,5,5,0,0,5
3043,2,0,0,0,0,0
3041,2,0,0,0,0,0
3042,5,5,5,0,0,5
3046,2,0,0,0,0,0
3044,2,0,0,0,0,0
3045,5,5,5,0,0,5
3049,2,0,0,0,0,0
3047,2,0,0,0,0,0
3048,5,5,5,0,0,5
3052,2,0,0,0,0,0
3050,2,0,0,0,0,0
3051,5,5,5,0,0,5
3055,2,0,0,0,0,0
3053,2,0,0,0,0,0
3054,5,5,5,0,0,5
3058,2,0,0,0,0,0
3056,2,0,0,0,0,0
3057,5,5,5,0,0,5
3061,2,0,0,0,0,0
3059,2,0,0,0,0,0
3060,5,5,5,0,0,5
3064,2,0,0,0,0,0
3062,2,0,0,0,0,0
3063,5,5,5,0,0,5
3067,2,0,0,0,0,0
3065,2,0,0,0,0,0
3066,5,5,5,0,0,5
3070,2,0,0,0,0,0
3068,2,0,0,0,0,0
3069,5,5,5,0,0,5
3073,2,0,0,0,0,0
3071,2,0,0,0,0,0
3072,5,5,5,0,0,5
3076,2,0,0,0,0,0
3074,2,0,0,0,0,0
3075,5,5,5,0,0,5
3079,2,0,0,0,0,0
3077,2,0,0,0,0,0
3078,5,5,5,0,0,5
3082,2,0,0,0,0,0
3080,2,0,0,0,0,0
3081,5,5,5,0,0,5
3085,2,0,0,0,0,0
3083,2,0,0,0,0,0
3084,5,5,5,0,0,5
3088,2,0,0,0,0,0
3086,2,0,0,0,0,0
3087,5,5,5,0,0,5
3091,2,0,0,0,0,0
3089,2,0,0,0,0,0
3090,5,5,5,0,0,5
3094,2,0,0,0,0,0
3092,2,0,0,0,0,0
3093,5,5,5,0,0,5
3097,2,0,0,0,0,0
3095,2,0,0,0,0,0
3096,5,5,5,0,0,5
3100,2,0,0,0,0,0
3098,2,0,0,0,0,0
3099,5,5,5,0,0,5
3103,2,0,0,0,0,0
3101,2,0,0,0,0,0
3102,5,5,5,0,0,5
3106,2,0,0,0,0,0
3104,2,0,0,0,0,0
3105,5,5,5,0,0,5
3109,2,0,0,0,0,0
3107,2,0,0,0,0,0
3108,5,5,5,0,0,5
3112,2,0,0,0,0,0
3110,2,0,0,0,0,0
3111,5,5,5,0,0,5
3115,2,0,0,0,0,0
3113,2,0,0,0,0,0
3114,5,5,5,0,0,5
3118,2,0,0,0,0,0
3116,2,0,0,0,0,0
3117,5,5,5,0,0,5
3121,2,0,0,0,0,0
3119,2,0,0,0,0,0
3120,5,5,5,0,0,5
3124,2,0,0,0,0,0
3122,2,0,0,0,0,0
3123,5,5,5,0,0,5
3127,2,0,0,0,0,0
3125,2,0,0,0,0,0
3126,5,5,5,0,0,5
3130,2,0,0,0,0,0
3128,2,0,0,0,0,0
3129,5,5,5,0,0,5
3133,2,0,0,0,0,0
3131,2,0,0,0,0,0
3132,5,5,5,0,0,5
3136,2,0,0,0,0,0
3134,2,0,0,0,0,0
3135,5,5,5,0,0,5
3139,2,0,0,0,0,0
3137,2,0,0,0,0,0
3138,5,5,5,0,0,5
3142,2,0,0,0,0,0
3140,2,0,0,0,0,0
3141,5,5,5,0,0,5
3145,2,0,0,0,0,0
3143,2,0,0,0,0,0
3144,5,5,5,0,0,5
3148,2,0,0,0,0,0
3146,2,0,0,0,0,0
3147,5,5,5,0,0,5
3151,2,0,0,0,0,0
3149,2,0,0,0,0,0
3150,5,5,5,0,0,5
3154,2,0,0,0,0,0
3152,2,0,0,0,0,0
3153,5,5,5,0,0,5
3157,2,0,0,0,0,0
3155,2,0,0,0,0,0
3156,5,5,5,0,0,5
3160,2,0,0,0,0,0
3158,2,0,0,0,0,0
3159,5,5,5,0,0,5
3163,2,0,0,0,0,0
3161,2,0,0,0,0,0
3162,5,5,5,0,0,5
3166,2,0,0,0,0,0
3164,2,0,0,0,0,0
3165,5,5,5,0,0,5
3169,2,0,0,0,0,0
3167,2,0,0,0,0,0
3168,5,5,5,0,0,5
3172,2,0,0,0,0,0
3170,2,0,0,0,0,0
3171,5,5,5,0,0,5
3175,2,0,0,0,0,0
3173,2,0,0,0,0,0
3174,5,5,5,0,0,5
3178,2,0,0,0,0,0
3176,2,0,0,0,0,0
3177,5,5,5,0,0,5
3181,2,0,0,0,0,0
3179,2,0,0,0,0,0
3180,5,5,5,0,0,5
3184,2,0,0,0,0,0
3182,2,0,0,0,0,0
3183,5,5,5,0,0,5
3187,2,0,0,0,0,0
3185,2,0,0,0,0,0
3186,5,5,5,0,0,5
3190,2,0,0,0,0,0
3188,2,0,0,0,0,0
3189,5,5,5,0,0,5
3193,2,0,0,0,0,0
3191,2,0,0,0,0,0
3192,5,5,5,0,0,5
3196,2,0,0,0,0,0
3194,2,0,0,0,0,0
3195,5,5,5,0,0,5
3199,2,0,0,0,0,0
3197,2,0,0,0,0,0
3198,5,5,5,0,0,5
3202,2,0,0,0,0,0
3200,2,0,0,0,0,0
3201,5,5,5,0,0,5
3205,2,0,0,0,0,0
3203,2,0,0,0,0,0
3204,5,5,5,0,0,5
3208,2,0,0,0,0,0
3206,2,0,0,0,0,0
3207,5,5,5,0,0,5
3211,2,0,0,0,0,0
3209,2,0,0,0,0,0
3210,5,5,5,0,0,5
3214,2,0,0,0,0,0
3212,2,0,0,0,0,0
3213,5,5,5,0,0,5
3217,2,0,0,0,0,0
3215,2,0,0,0,0,0
3216,5,5,5,0,0,5
3220,2,0,0,0,0,0
3218,2,0,0,0,0,0
3219,5,5,5,0,0,5
3223,2,0,0,0,0,0
3221,2,0,0,0,0,0
3222,5,5,5,0,0,5
3226,2,0,0,0,0,0
3224,2,0,0,0,0,0
3225,5,5,5,0,0,5
3229,2,0,0,0,0,0
3227,2,0,0,0,0,0
3228,5,5,5,0,0,5
3232,2,0,0,0,0,0
3230,2,0,0,0,0,0
3231,5,5,5,0,0,5
3235,2,0,0,0,0,0
3233,2,0,0,0,0,0
3234,5,5,5,0,0,5
3238,2,0,0,0,0,0
3236,2,0,0,0,0,0
3237,5,5,5,0,0,5
3241,2,0,0,0,0,0
3239,2,0,0,0,0,0
3240,5,5,5,0,0,5
3244,2,0,0,0,0,0
3242,2,0,0,0,0,0
3243,5,5,5,0,0,5
3247,2,0,0,0,0,0
3245,2,0,0,0,0,0
3246,5,5,5,0,0,5
3250,2,0,0,0,0,0
3248,2,0,0,0,0,0
3249,5,5,5,0,0,5
3253,2,0,0,0,0,0
3251,2,0,0,0,0,0
3252,5,5,5,0,0,5
3256,2,0,0,0,0,0
3254,2,0,0,0,0,0
3255,5,5,5,0,0,5
3259,2,0,0,0,0,0
3257,2,0,0,0,0,0
3258,5,5,5,0,0,5
3262,2,0,0,0,0,0
3260,2,0,0,0,0,0
3261,5,5,5,0,0,5
3265,2,0,0,0,0,0
3263,2,0,0,0,0,0
3264,5,5,5,0,0,5
3268,2,0,0,0,0,0
3266,2,0,0,0,0,0
3267,5,5,5,0,0,5
3271,2,0,0,0,0,0
3269,2,0,0,0,0,0
3270,5,5,5,0,0,5
3274,2,0,0,0,0,0
3272,2,0,0,0,0,0
3273,5,5,5,0,0,5
3277,2,0,0,0,0,0
3275,2,0,0,0,0,0
3276,5,5,5,0,0,5
3280,2,0,0,0,0,0
3278,2,0,0,0,0,0
3279,5,5,5,0,0,5
3283,2,0,0,0,0,0
3281,2,0,0,0,0,0
3282,5,5,5,0,0,5
3286,2,0,0,0,0,0
3284,2,0,0,0,0,0
3285,5,5,5,0,0,5
3289,2,0,0,0,0,0
3287,2,0,0,0,0,0
3288,5,5,5,0,0,5
3292,2,0,0,0,0,0
3290,2,0,0,0,0,0
3291,5,5,5,0,0,5
3295,2,0,0,0,0,0
3293,2,0,0,0,0,0
3294,5,5,5,0,0,5
3298,2,0,0,0,0,0
3296,2,0,0,0,0,0
3297,5,5,5,0,0,5
3301,2,0,0,0,0,0
3299,2,0,0,0,0,0
3300,5,5,5,0,0,5
3304,2,0,0,0,0,0
3302,2,0,0,0,0,0
3303,5,5,5,0,0,5
3307,2,0,0,0,0,0
3305,2,0,0,0,0,0
3306,5,5,5,0,0,5
3310,2,0,0,0,0,0
3308,2,0,0,0,0,0
3309,5,5,5,0,0,5
3313,2,0,0,0,0,0
3311,2,0,0,0,0,0
3312,5,5,5,0,0,5
3316,2,0,0,0,0,0
3314,2,0,0,0,0,0
3315,5,5,5,0,0,5
3319,2,0,0,0,0,0
3317,2,0,0,0,0,0
3318,5,5,5,0,0,5
3322,2,0,0,0,0,0
3320,2,0,0,0,0,0
3321,5,5,5,0,0,5
3325,2,0,0,0,0,0
3323,2,0,0,0,0,0
3324,5,5,5,0,0,5
3328,2,0,0,0,0,0
3326,2,0,0,0,0,0
3327,5,5,5,0,0,5
3331,2,0,0,0,0,0
3329,2,0,0,0,0,0
3330,5,5,5,0,0,5
3334,2,0,0,0,0,0
3332,2,0,0,0,0,0
3333,5,5,5,0,0,5
3337,2,0,0,0,0,0
3335,2,0,0,0,0,0
3336,5,5,5,0,0,5
3340,2,0,0,0,0,0
3338,2,0,0,0,0,0
3339,5,5,5,0,0,5
3343,2,0,0,0,0,0
3341,2,0,0,0,0,0
3342,5,5,5,0,0,5
3346,2,0,0,0,0,0
3344,2,0,0,0,0,0
3345,5,5,5,0,0,5
3349,2,0,0,0,0,0
3347,2,0,0,0,0,0
3348,5,5,5,0,0,5
3352,2,0,0,0,0,0
3350,2,0,0,0,0,0
3351,5,5,5,0,0,5
3355,2,0,0,0,0,0
3353,2,0,0,0,0,0
3354,5,5,5,0,0,5
3358,2,0,0,0,0,0
3356,2,0,0,0,0,0
3357,5,5,5,0,0,5
3361,2,0,0,0,0,0
3359,2,0,0,0,0,0
3360,5,5,5,0,0,5
3364,2,0,0,0,0,0
3362,2,0,0,0,0,0
3363,5,5,5,0,0,5
3367,2,0,0,0,0,0
3365,2,0,0,0,0,0
3366,5,5,5,0,0,5
3370,2,0,0,0,0,0
3368,2,0,0,0,0,0
3369,5,5,5,0,0,5
3373,2,0,0,0,0,0
3371,2,0,0,0,0,0
3372,5,5,5,0,0,5
3376,2,0,0,0,0,0
3374,2,0,0,0,0,0
3375,5,5,5,0,0,5
3379,2,0,0,0,0,0
3377,2,0,0,0,0,0
3378,5,5,5,0,0,5
3382,2,0,0,0,0,0
3380,2,0,0,0,0,0
3381,5,5,5,0,0,5
3385,2,0,0,0,0,0
3383,2,0,0,0,0,0
3384,5,5,5,0,0,5
3388,2,0,0,0,0,0
3386,2,0,0,0,0,0
3387,5,5,5,0,0,5
3391,2,0,0,0,0,0
3389,2,0,0,0,0,0
3390,5,5,5,0,0,5
3394,2,0,0,0,0,0
3392,2,0,0,0,0,0
3393,5,5,5,0,0,5
3397,2,0,0,0,0,0
3395,2,0,0,0,0,0
3396,5,5,5,0,0,5
3400,2,0,0,0,0,0
3398,2,0,0,0,0,0
3399,5,5,5,0,0,5
3403,2,0,0,0,0,0
3401,2,0,0,0,0,0
3402,5,5,5,0,0,5
3406,2,0,0,0,0,0
3404,2,0,0,0,0,0
3405,5,5,5,0,0,5
3409,2,0,0,0,0,0
3407,2,0,0,0,0,0
3408,5,5,5,0,0,5
3412,2,0,0,0,0,0
3410,2,0,0,0,0,0
3411,5,5,5,0,0,5
3415,2,0,0,0,0,0
3413,2,0,0,0,0,0
3414,5,5,5,0,0,5
3418,2,0,0,0,0,0
3416,2,0,0,0,0,0
3417,5,5,5,0,0,5
3421,2,0,0,0,0,0
3419,2,0,0,0,0,0
3420,5,5,5,0,0,5
3424,2,0,0,0,0,0
3422,2,0,0,0,0,0
3423,5,5,5,0,0,5
3427,2,0,0,0,0,0
3425,2,0,0,0,0,0
3426,5,5,5,0,0,5
3430,2,0,0,0,0,0
3428,2,0,0,0,0,0
3429,5,5,5,0,0,5
3433,2,0,0,0,0,0
3431,2,0,0,0,0,0
3432,5,5,5,0,0,5
3436,2,0,0,0,0,0
3434,2,0,0,0,0,0
3435,5,5,5,0,0,5
3439,2,0,0,0,0,0
3437,2,0,0,0,0,0
3438,5,5,5,0,0,5
3442,2,0,0,0,0,0
3440,2,0,0,0,0,0
3441,5,5,5,0,0,5
3445,2,0,0,0,0,0
3443,2,0,0,0,0,0
3444,5,5,5,0,0,5
3448,2,0,0,0,0,0
3446,2,0,0,0,0,0
3447,5,5,5,0,0,5
3451,2,0,0,0,0,0
3449,2,0,0,0,0,0
3450,5,5,5,0,0,5
3454,2,0,0,0,0,0
3452,2,0,0,0,0,0
3453,5,5,5,0,0,5
3457,2,0,0,0,0,0
3455,2,0,0,0,0,0
3456,5,5,5,0,0,5
3460,2,0,0,0,0,0
3458,2,0,0,0,0,0
3459,5,5,5,0,0,5
3463,2,0,0,0,0,0
3461,2,0,0,0,0,0
3462,5,5,5,0,0,5
3466,2,0,0,0,0,0
3464,2,0,0,0,0,0
3465,5,5,5,0,0,5
3469,2,0,0,0,0,0
3467,2,0,0,0,0,0
3468,5,5,5,0,0,5
3472,2,0,0,0,0,0
3470,2,0,0,0,0,0
3471,5,5,5,0,0,5
3475,2,0,0,0,0,0
3473,2,0,0,0,0,0
3474,5,5,5,0,0,5
3478,2,0,0,0,0,0
3476,2,0,0,0,0,0
3477,5,5,5,0,0,5
3481,2,0,0,0,0,0
3479,2,0,0,0,0,0
3480,5,5,5,0,0,5
3484,2,0,0,0,0,0
3482,2,0,0,0,0,0
3483,5,5,5,0,0,5
3487,2,0,0,0,0,0
3485,2,0,0,0,0,0
3486,5,5,5,0,0,5
3490,2,0,0,0,0,0
3488,2,0,0,0,0,0
3489,5,5,5,0,0,5
3493,2,0,0,0,0,0
3491,2,0,0,0,0,0
3492,5,5,5,0,0,5
3496,2,0,0,0,0,0
3494,2,0,0,0,0,0
3495,5,5,5,0,0,5
3499,2,0,0,0,0,0
3497,2,0,0,0,0,0
3498,5,5,5,0,0,5
3502,2,0,0,0,0,0
3500,2,0,0,0,0,0
3501,5,5,5,0,0,5
3505,2,0,0,0,0,0
3503,2,0,0,0,0,0
3504,5,5,5,0,0,5
3508,2,0,0,0,0,0
3506,2,0,0,0,0,0
3507,5,5,5,0,0,5
3511,2,0,0,0,0,0
3509,2,0,0,0,0,0
3510,5,5,5,0,0,5
3514,2,0,0,0,0,0
3512,2,0,0,0,0,0
3513,5,5,5,0,0,5
3517,2,0,0,0,0,0
3515,2,0,0,0,0,0
3516,5,5,5,0,0,5
3520,2,0,0,0,0,0
3518,2,0,0,0,0,0
3519,5,5,5,0,0,5
3523,2,0,0,0,0,0
3521,2,0,0,0,0,0
3522,5,5,5,0,0,5
3526,2,0,0,0,0,0
3524,2,0,0,0,0,0
3525,5,5,5,0,0,5
3529,2,0,0,0,0,0
3527,2,0,0,0,0,0
3528,5,5,5,0,0,5
3532,2,0,0,0,0,0
3530,2,0,0,0,0,0
3531,5,5,5,0,0,5
3535,2,0,0,0,0,0
3533,2,0,0,0,0,0
3534,5,5,5,0,0,5
3538,2,0,0,0,0,0
3536,2,0,0,0,0,0
3537,5,5,5,0,0,5
3541,2,0,0,0,0,0
3539,2,0,0,0,0,0
3540,5,5,5,0,0,5
3544,2,0,0,0,0,0
3542,2,0,0,0,0,0
3543,5,5,5,0,0,5
3547,2,0,0,0,0,0
3545,2,0,0,0,0,0
3546,5,5,5,0,0,5
3550,2,0,0,0,0,0
3548,2,0,0,0,0,0
3549,5,5,5,0,0,5
3553,2,0,0,0,0,0
3551,2,0,0,0,0,0
3552,5,5,5,0,0,5
3556,2,0,0,0,0,0
3554,2,0,0,0,0,0
3555,5,5,5,0,0,5
3559,2,0,0,0,0,0
3557,2,0,0,0,0,0
3558,5,5,5,0,0,5
3562,2,0,0,0,0,0
3560,2,0,0,0,0,0
3561,5,5,5,0,0,5
3565,2,0,0,0,0,0
3563,2,0,0,0,0,0
3564,5,5,5,0,0,5
3568,2,0,0,0,0,0
3566,2,0,0,0,0,0
3567,5,5,5,0,0,5
3571,2,0,0,0,0,0
3569,2,0,0,0,0,0
3570,5,5,5,0,0,5
3574,2,0,0,0,0,0
3572,2,0,0,0,0,0
3573,5,5,5,0,0,5
3577,2,0,0,0,0,0
3575,2,0,0,0,0,0
3576,5,5,5,0,0,5
3580,2,0,0,0,0,0
3578,2,0,0,0,0,0
3579,5,5,5,0,0,5
3583,2,0,0,0,0,0
3581,2,0,0,0,0,0
3582,5,5,5,0,0,5
3586,2,0,0,0,0,0
3584,2,0,0,0,0,0
3585,5,5,5,0,0,5
3589,2,0,0,0,0,0
3587,2,0,0,0,0,0
3588,5,5,5,0,0,5
3592,2,0,0,0,0,0
3590,2,0,0,0,0,0
3591,5,5,5,0,0,5
3595,2,0,0,0,0,0
3593,2,0,0,0,0,0
3594,5,5,5,0,0,5
3598,2,0,0,0,0,0
3596,2,0,0,0,0,0
3597,5,5,5,0,0,5
3601,2,0,0,0,0,0
3599,2,0,0,0,0,0
3600,5,5,5,0,0,5
3604,2,0,0,0,0,0
3602,2,0,0,0,0,0
3603,5,5,5,0,0,5
3607,2,0,0,0,0,0
3605,2,0,0,0,0,0
3606,5,5,5,0,0,5
3610,2,0,0,0,0,0
3608,2,0,0,0,0,0
3609,5,5,5,0,0,5
3613,2,0,0,0,0,0
3611,2,0,0,0,0,0
3612,5,5,5,0,0,5
3616,2,0,0,0,0,0
3614,2,0,0,0,0,0
3615,5,5,5,0,0,5
3619,2,0,0,0,0,0
3617,2,0,0,0,0,0
3618,5,5,5,0,0,5
3622,2,0,0,0,0,0
3620,2,0,0,0,0,0
3621,5,5,5,0,0,5
3625,2,0,0,0,0,0
3623,2,0,0,0,0,0
3624,5,5,5,0,0,5
3628,2,0,0,0,0,0
3626,2,0,0,0,0,0
3627,5,5,5,0,0,5
3631,2,0,0,0,0,0
3629,2,0,0,0,0,0
3630,5,5,5,0,0,5
3634,2,0,0,0,0,0
3632,2,0,0,0,0,0
3633,5,5,5,0,0,5
3637,2,0,0,0,0,0
3635,2,0,0,0,0,0
3636,5,5,5,0,0,5
3640,2,0,0,0,0,0
3638,2,0,0,0,0,0
3639,5,5,5,0,0,5
3643,2,0,0,0,0,0
3641,2,0,0,0,0,0
3642,5,5,5,0,0,5
3646,2,0,0,0,0,0
3644,2,0,0,0,0,0
3645,5,5,5,0,0,5
3649,2,0,0,0,0,0
3647,2,0,0,0,0,0
3648,5,5,5,0,0,5
3652,2,0,0,0,0,0
3650,2,0,0,0,0,0
3651,5,5,5,0,0,5
3655,2,0,0,0,0,0
3653,2,0,0,0,0,0
3654,5,5,5,0,0,5
3658,2,0,0,0,0,0
3656,2,0,0,0,0,0
3657,5,5,5,0,0,5
3661,2,0,0,0,0,0
3659,2,0,0,0,0,0
3660,5,5,5,0,0,5
3664,2,0,0,0,0,0
3662,2,0,0,0,0,0
3663,5,5,5,0,0,5
3667,2,0,0,0,0,0
3665,2,0,0,0,0,0
3666,5,5,5,0,0,5
3670,2,0,0,0,0,0
3668,2,0,0,0,0,0
3669,5,5,5,0,0,5
3673,2,0,0,0,0,0
3671,2,0,0,0,0,0
3672,5,5,5,0,0,5
3676,2,0,0,0,0,0
3674,2,0,0,0,0,0
3675,5,5,5,0,0,5
3679,2,0,0,0,0,0
3677,2,0,0,0,0,0
3678,5,5,5,0,0,5
3682,2,0,0,0,0,0
3680,2,0,0,0,0,0
3681,5,5,5,0,0,5
3685,2,0,0,0,0,0
3683,2,0,0,0,0,0
3684,5,5,5,0,0,5
3688,2,0,0,0,0,0
3686,2,0,0,0,0,0
3687,5,5,5,0,0,5
3691,2,0,0,0,0,0
3689,2,0,0,0,0,0
3690,5,5,5,0,0,5
3694,2,0,0,0,0,0
3692,2,0,0,0,0,0
3693,5,5,5,0,0,5
3697,2,0,0,0,0,0
3695,2,0,0,0,0,0
3696,5,5,5,0,0,5
3700,2,0,0,0,0,0
3698,2,0,0,0,0,0
3699,5,5,5,0,0,5
3703,2,0,0,0,0,0
3701,2,0,0,0,0,0
3702,5,5,5,0,0,5
3706,2,0,0,0,0,0
3704,2,0,0,0,0,0
3705,5,5,5,0,0,5
3709,2,0,0,0,0,0
3707,2,0,0,0,0,0
3708,5,5,5,0,0,5
3712,2,0,0,0,0,0
3710,2,0,0,0,0,0
3711,5,5,5,0,0,5
3715,2,0,0,0,0,0
3713,2,0,0,0,0,0
3714,5,5,5,0,0,5
3718,2,0,0,0,0,0
3716,2,0,0,0,0,0
3717,5,5,5,0,0,5
3721,2,0,0,0,0,0
3719,2,0,0,0,0,0
3720,5,5,5,0,0,5
3724,2,0,0,0,0,0
3722,2,0,0,0,0,0
3723,5,5,5,0,0,5
3727,2,0,0,0,0,0
3725,2,0,0,0,0,0
3726,5,5,5,0,0,5
3730,2,0,0,0,0,0
3728,2,0,0,0,0,0
3729,5,5,5,0,0,5
3733,2,0,0,0,0,0
3731,2,0,0,0,0,0
3732,5,5,5,0,0,5
3736,2,0,0,0,0,0
3734,2,0,0,0,0,0
3735,5,5,5,0,0,5
3739,2,0,0,0,0,0
3737,2,0,0,0,0,0
3738,5,5,5,0,0,5
3742,2,0,0,0,0,0
3740,2,0,0,0,0,0
3741,5,5,5,0,0,5
3745,2,0,0,0,0,0
3743,2,0,0,0,0,0
3744,5,5,5,0,0,5
3748,2,0,0,0,0,0
3746,2,0,0,0,0,0
3747,5,5,5,0,0,5
3751,2,0,0,0,0,0
3749,2,0,0,0,0,0
3750,5,5,5,0,0,5
3754,2,0,0,0,0,0
3752,2,0,0,0,0,0
3753,5,5,5,0,0,5
3757,2,0,0,0,0,0
3755,2,0,0,0,0,0
3756,5,5,5,0,0,5
3760,2,0,0,0,0,0
3758,2,0,0,0,0,0
3759,5,5,5,0,0,5
3763,2,0,0,0,0,0
3761,2,0,0,0,0,0
3762,5,5,5,0,0,5
3766,2,0,0,0,0,0
3764,2,0,0,0,0,0
3765,5,5,5,0,0,5
3769,2,0,0,0,0,0
3767,2,0,0,0,0,0
3768,5,5,5,0,0,5
3772,2,0,0,0,0,0
3770,2,0,0,0,0,0
3771,5,5,5,0,0,5
3775,2,0,0,0,0,0
3773,2,0,0,0,0,0
3774,5,5,5,0,0,5
3778,2,0,0,0,0,0
3776,2,0,0,0,0,0
3777,5,5,5,0,0,5
3781,2,0,0,0,0,0
3779,2,0,0,0,0,0
3780,5,5,5,0,0,5
3784,2,0,0,0,0,0
3782,2,0,0,0,0,0
3783,5,5,5,0,0,5
3787,2,0,0,0,0,0
3785,2,0,0,0,0,0
3786,5,5,5,0,0,5
3790,2,0,0,0,0,0
3788,2,0,0,0,0,0
3789,5,5,5,0,0,5
3793,2,0,0,0,0,0
3791,2,0,0,0,0,0
3792,5,5,5,0,0,5
3796,2,0,0,0,0,0
3794,2,0,0,0,0,0
3795,5,5,5,0,0,5
3799,2,0,0,0,0,0
3797,2,0,0,0,0,0
3798,5,5,5,0,0,5
3802,2,0,0,0,0,0
3800,2,0,0,0,0,0
3801,5,5,5,0,0,5
3805,2,0,0,0,0,0
3803,2,0,0,0,0,0
3804,5,5,5,0,0,5
3808,2,0,0,0,0,0
3806,2,0,0,0,0,0
3807,5,5,5,0,0,5
3811,2,0,0,0,0,0
3809,2,0,0,0,0,0
3810,5,5,5,0,0,5
3814,2,0,0,0,0,0
3812,2,0,0,0,0,0
3813,5,5,5,0,0,5
3817,2,0,0,0,0,0
3815,2,0,0,0,0,0
3816,5,5,5,0,0,5
3820,2,0,0,0,0,0
3818,2,0,0,0,0,0
3819,5,5,5,0,0,5
3823,2,0,0,0,0,0
3821,2,0,0,0,0,0
3822,5,5,5,0,0,5
3826,2,0,0,0,0,0
3824,2,0,0,0,0,0
3825,5,5,5,0,0,5
3829,2,0,0,0,0,0
3827,2,0,0,0,0,0
3828,5,5,5,0,0,5
3832,2,0,0,0,0,0
3830,2,0,0,0,0,0
3831,5,5,5,0,0,5
3835,2,0,0,0,0,0
3833,2,0,0,0,0,0
3834,5,5,5,0,0,5
3838,2,0,0,0,0,0
3836,2,0,0,0,0,0
3837,5,5,5,0,0,5
3841,2,0,0,0,0,0
3839,2,0,0,0,0,0
3840,5,5,5,0,0,5
3844,2,0,0,0,0,0
3842,2,0,0,0,0,0
3843,5,5,5,0,0,5
3847,2,0,0,0,0,0
3845,2,0,0,0,0,0
3846,5,5,5,0,0,5
3850,2,0,0,0,0,0
3848,2,0,0,0,0,0
3849,5,5,5,0,0,5
3853,2,0,0,0,0,0
3851,2,0,0,0,0,0
3852,5,5,5,0,0,5
3856,2,0,0,0,0,0
3854,2,0,0,0,0,0
3855,5,5,5,0,0,5
3859,2,0,0,0,0,0
3857,2,0,0,0,0,0
3858,5,5,5,0,0,5
3862,2,0,0,0,0,0
3860,2,0,0,0,0,0
3861,5,5,5,0,0,5
3865,2,0,0,0,0,0
3863,2,0,0,0,0,0
3864,5,5,5,0,0,5
3868,2,0,0,0,0,0
3866,2,0,0,0,0,0
3867,5,5,5,0,0,5
3871,2,0,0,0,0,0
3869,2,0,0,0,0,0
3870,5,5,5,0,0,5
3874,2,0,0,0,0,0
3872,2,0,0,0,0,0
3873,5,5,5,0,0,5
3877,2,0,0,0,0,0
3875,2,0,0,0,0,0
3876,5,5,5,0,0,5
3880,2,0,0,0,0,0
3878,2,0,0,0,0,0
3879,5,5,5,0,0,5
3883,2,0,0,0,0,0
3881,2,0,0,0,0,0
3882,5,5,5,0,0,5
3886,2,0,0,0,0,0
3884,2,0,0,0,0,0
3885,5,5,5,0,0,5
3889,2,0,0,0,0,0
3887,2,0,0,0,0,0
3888,5,5,5,0,0,5
3892,2,0,0,0,0,0
3890,2,0,0,0,0,0
3891,5,5,5,0,0,5
3895,2,0,0,0,0,0
3893,2,0,0,0,0,0
3894,5,5,5,0,0,5
3898,2,0,0,0,0,0
3896,2,0,0,0,0,0
3897,5,5,5,0,0,5
3901,2,0,0,0,0,0
3899,2,0,0,0,0,0
3900,5,5,5,0,0,5
3904,2,0,0,0,0,0
3902,2,0,0,0,0,0
3903,5,5,5,0,0,5
3907,2,0,0,0,0,0
3905,2,0,0,0,0,0
3906,5,5,5,0,0,5
3910,2,0,0,0,0,0
3908,2,0,0,0,0,0
3909,5,5,5,0,0,5
3913,2,0,0,0,0,0
3911,2,0,0,0,0,0
3912,5,5,5,0,0,5
3916,2,0,0,0,0,0
3914,2,0,0,0,0,0
3915,5,5,5,0,0,5
3919,2,0,0,0,0,0
3917,2,0,0,0,0,0
3918,5,5,5,0,0,5
3922,2,0,0,0,0,0
3920,2,0,0,0,0,0
3921,5,5,5,0,0,5
3925,2,0,0,0,0,0
3923,2,0,0,0,0,0
3924,5,5,5,0,0,5
3928,2,0,0,0,0,0
3926,2,0,0,0,0,0
3927,5,5,5,0,0,5
3931,2,0,0,0,0,0
3929,2,0,0,0,0,0
3930,5,5,5,0,0,5
3934,2,0,0,0,0,0
3932,2,0,0,0,0,0
3933,5,5,5,0,0,5
3937,2,0,0,0,0,0
3935,2,0,0,0,0,0
3936,5,5,5,0,0,5
3940,2,0,0,0,0,0
3938,2,0,0,0,0,0
3939,5,5,5,0,0,5
3943,2,0,0,0,0,0
3941,2,0,0,0,0,0
3942,5,5,5,0,0,5
3946,2,0,0,0,0,0
3944,2,0,0,0,0,0
3945,5,5,5,0,0,5
3949,2,0,0,0,0,0
3947,2,0,0,0,0,0
3948,5,5,5,0,0,5
3952,2,0,0,0,0,0
3950,2,0,0,0,0,0
3951,5,5,5,0,0,5
3955,2,0,0,0,0,0
3953,2,0,0,0,0,0
3954,5,5,5,0,0,5
3958,2,0,0,0,0,0
3956,2,0,0,0,0,0
3957,5,5,5,0,0,5
3961,2,0,0,0,0,0
3959,2,0,0,0,0,0
3960,5,5,5,0,0,5
3964,2,0,0,0,0,0
3962,2,0,0,0,0,0
3963,5,5,5,0,0,5
3967,2,0,0,0,0,0
3965,2,0,0,0,0,0
3966,5,5,5,0,0,5
3970,2,0,0,0,0,0
3968,2,0,0,0,0,0
3969,5,5,5,0,0,5
3973,2,0,0,0,0,0
3971,2,0,0,0,0,0
3972,5,5,5,0,0,5
3976,2,0,0,0,0,0
3974,2,0,0,0,0,0
3975,5,5,5,0,0,5
3979,2,0,0,0,0,0
3977,2,0,0,0,0,0
3978,5,5,5,0,0,5
3982,2,0,0,0,0,0
3980,2,0,0,0,0,0
3981,5,5,5,0,0,5
3985,2,0,0,0,0,0
3983,2,0,0,0,0,0
3984,5,5,5,0,0,5
3988,2,0,0,0,0,0
3986,2,0,0,0,0,0
3987,5,5,5,0,0,5
3991,2,0,0,0,0,0
3989,2,0,0,0,0,0
3990,5,5,5,0,0,5
3994,2,0,0,0,0,0
3992,2,0,0,0,0,0
3993,5,5,5,0,0,5
3997,2,0,0,0,0,0
3995,2,0,0,0,0,0
3996,5,5,5,0,0,5
4000,2,0,0,0,0,0
3998,2,0,0,0,0,0
3999,5,5,5,0,0,5
1,3,7,3,2,0,3
2,3,7,3,2,0,3
3,3,7,3,2,0,3
4,3,7,3,2,0,3
5,3,7,3,2,0,3
6,3,7,3,2,0,3
7,3,7,3,2,0,3
8,3,7,3,2,0,3
9,3,7,3,2,0,3
10,3,7,3,2,0,3
11,3,7,3,2,0,3
12,3,7,3,2,0,3
13,3,7,3,2,0,3
14,3,7,3,2,0,3
15,3,7,3,2,0,3
16,3,7,3,2,0,3
17,3,7,3,2,0,3
18,3,7,3,2,0,3
19,3,7,3,2,0,3
20,3,7,3,2,0,3
21,3,7,3,2,0,3
22,3,7,3,2,0,3
23,3,7,3,2,0,3
24,3,7,3,2,0,3
25,3,7,3,2,0,3
26,3,7,3,2,0,3
27,3,7,3,2,0,3
28,3,7,3,2,0,3
29,3,7,3,2,0,3
30,3,7,3,2,0,3
31,3,7,3,2,0,3
32,3,7,3,2,0,3
33,3,7,3,2,0,3
34,3,7,3,2,0,3
35,3,7,3,2,0,3
36,3,7,3,2,0,3
37,3,7,3,2,0,3
38,3,7,3,2,0,3
39,3,7,3,2,0,3
40,3,7,3,2,0,3
41,3,7,3,2,0,3
42,3,7,3,2,0,3
43,3,7,3,2,0,3
44,3,7,3,2,0,3
45,3,7,3,2,0,3
46,3,7,3,2,0,3
47,3,7,3,2,0,3
48,3,7,3,2,0,3
49,3,7,3,2,0,3
50,3,7,3,2,0,3
51,3,7,3,2,0,3
52,3,7,3,2,0,3
53,3,7,3,2,0,3
54,3,7,3,2,0,3
55,3,7,3,2,0,3
56,3,7,3,2,0,3
57,3,7,3,2,0,3
58,3,7,3,2,0,3
59,3,7,3,2,0,3
60,3,7,3,2,0,3
61,3,7,3,2,0,3
62,3,7,3,2,0,3
63,3,7,3,2,0,3
64,3,7,3,2,0,3
65,3,7,3,2,0,3
66,3,7,3,2,0,3
67,3,7,3,2,0,3
68,3,7,3,2,0,3
69,3,7,3,2,0,3
70,3,7,3,2,0,3
71,3,7,3,2,0,3
72,3,7,3,2,0,3
73,3,7,3,2,0,3
74,3,7,3,2,0,3
75,3,7,3,2,0,3
76,3,7,3,2,0,3
77,3,7,3,2,0,3
78,3,7,3,2,0,3
79,3,7,3,2,0,3
80,3,7,3,2,0,3
81,3,7,3,2,0,3
82,3,7,3,2,0,3
83,3,7,3,2,0,3
84,3,7,3,2,0,3
85,3,7,3,2,0,3
86,3,7,3,2,0,3
87,3,7,3,2,0,3
88,3,7,3,2,0,3
89,3,7,3,2,0,3
90,3,7,3,2,0,3
91,3,7,3,2,0,3
92,3,7,3,2,0,3
93,3,7,3,2,0,3
94,3,7,3,2,0,3
95,3,7,3,2,0,3
96,3,7,3,2,0,3
97,3,7,3,2,0,3
98,3,7,3,2,0,3
99,3,7,3,2,0,3
100,3,7,3,2,0,3
101,3,7,3,2,0,3
102,3,7,3,2,0,3
103,3,7,3,2,0,3
104,3,7,3,2,0,3
105,3,7,3,2,0,3
106,3,7,3,2,0,3
107,3,7,3,2,0,3
108,3,7,3,2,0,3
109,3,7,3,2,0,3
110,3,7,3,2,0,3
111,3,7,3,2,0,3
112,3,7,3,2,0,3
113,3,7,3,2,0,3
114,3,7,3,2,0,3
115,3,7,3,2,0,3
116,3,7,3,2,0,3
117,3,7,3,2,0,3
118,3,7,3,2,0,3
119,3,7,3,2,0,3
120,3,7,3,2,0,3
121,3,7,3,2,0,3
122,3,7,3,2,0,3
123,3,7,3,2,0,3
124,3,7,3,2,0,3
125,3,7,3,2,0,3
126,3,7,3,2,0,3
127,3,7,3,2,0,3
128,3,7,3,2,0,3
129,3,7,3,2,0,3
130,3,7,3,2,0,3
131,3,7,3,2,0,3
132,3,7,3,2,0,3
133,3,7,3,2,0,3
134,3,7,3,2,0,3
135,3,7,3,2,0,3
136,3,7,3,2,0,3
137,3,7,3,2,0,3
138,3,7,3,2,0,3
139,3,7,3,2,0,3
140,3,7,3,2,0,3
141,3,7,3,2,0,3
142,3,7,3,2,0,3
143,3,7,3,2,0,3
144,3,7,3,2,0,3
145,3,7,3,2,0,3
146,3,7,3,2,0,3
147,3,7,3,2,0,3
148,3,7,3,2,0,3
149,3,7,3,2,0,3
150,3,7,3,2,0,3
151,3,7,3,2,0,3
152,3,7,3,2,0,3
153,3,7,3,2,0,3
154,3,7,3,2,0,3
155,3,7,3,2,0,3
156,3,7,3,2,0,3
157,3,7,3,2,0,3
158,3,7,3,2,0,3
159,3,7,3,2,0,3
160,3,7,3,2,0,3
161,3,7,3,2,0,3
162,3,7,3,2,0,3
163,3,7,3,2,0,3
164,3,7,3,2,0,3
165,3,7,3,2,0,3
166,3,7,3,2,0,3
167,3,7,3,2,0,3
168,3,7,3,2,0,3
169,3,7,3,2,0,3
170,3,7,3,2,0,3
171,3,7,3,2,0,3
172,3,7,3,2,0,3
173,3,7,3,2,0,3
174,3,7,3,2,0,3
175,3,7,3,2,0,3
176,3,7,3,2,0,3
177,3,7,3,2,0,3
178,3,7,3,2,0,3
179,3,7,3,2,0,3
180,3,7,3,2,0,3
181,3,7,3,2,0,3
182,3,7,3,2,0,3
183,3,7,3,2,0,3
184,3,7,3,2,0,3
185,3,7,3,2,0,3
186,3,7,3,2,0,3
187,3,7,3,2,0,3
188,3,7,3,2,0,3
189,3,7,3,2,0,3
190,3,7,3,2,0,3
191,3,7,3,2,0,3
192,3,7,3,2,0,3
193,3,7,3,2,0,3
194,3,7,3,2,0,3
195,3,7,3,2,0,3
196,3,7,3,2,0,3
197,3,7,3,2,0,3
198,3,7,3,2,0,3
199,3,7,3,2,0,3
200,3,7,3,2,0,3
201,3,7,3,2,0,3
202,3,7,3,2,0,3
203,3,7,3,2,0,3
204,3,7,3,2,0,3
205,3,7,3,2,0,3
206,3,7,3,2,0,3
207,3,7,3,2,0,3
208,3,7,3,2,0,3
209,3,7,3,2,0,3
210,3,7,3,2,0,3
211,3,7,3,2,0,3
212,3,7,3,2,0,3
213,3,7,3,2,0,3
214,3,7,3,2,0,3
215,3,7,3,2,0,3
216,3,7,3,2,0,3
217,3,7,3,2,0,3
218,3,7,3,2,0,3
219,3,7,3,2,0,3
220,3,7,3,2,0,3
221,3,7,3,2,0,3
222,3,7,3,2,0,3
223,3,7,3,2,0,3
224,3,7,3,2,0,3
225,3,7,3,2,0,3
226,3,7,3,2,0,3
227,3,7,3,2,0,3
228,3,7,3,2,0,3
229,3,7,3,2,0,3
230,3,7,3,2,0,3
231,3,7,3,2,0,3
232,3,7,3,2,0,3
233,3,7,3,2,0,3
234,3,7,3,2,0,3
235,3,7,3,2,0,3
236,3,7,3,2,0,3
237,3,7,3,2,0,3
238,3,7,3,2,0,3
239,3,7,3,2,0,3
240,3,7,3,2,0,3
241,3,7,3,2,0,3
242,3,7,3,2,0,3
243,3,7,3,2,0,3
244,3,7,3,2,0,3
245,3,7,3,2,0,3
246,3,7,3,2,0,3
247,3,7,3,2,0,3
248,3,7,3,2,0,3
249,3,7,3,2,0,3
250,3,7,3,2,0,3
251,3,7,3,2,0,3
252,3,7,3,2,0,3
253,3,7,3,2,0,3
254,3,7,3,2,0,3
255,3,7,3,2,0,3
256,3,7,3,2,0,3
257,3,7,3,2,0,3
258,3,7,3,2,0,3
259,3,7,3,2,0,3
260,3,7,3,2,0,3
261,3,7,3,2,0,3
262,3,7,3,2,0,3
263,3,7,3,2,0,3
264,3,7,3,2,0,3
265,3,7,3,2,0,3
266,3,7,3,2,0,3
267,3,7,3,2,0,3
268,3,7,3,2,0,3
269,3,7,3,2,0,3
270,3,7,3,2,0,3
271,3,7,3,2,0,3
272,3,7,3,2,0,3
273,3,7,3,2,0,3
274,3,7,3,2,0,3
275,3,7,3,2,0,3
276,3,7,3,2,0,3
277,3,7,3,2,0,3
278,3,7,3,2,0,3
279,3,7,3,2,0,3
280,3,7,3,2,0,3
281,3,7,3,2,0,3
282,3,7,3,2,0,3
283,3,7,3,2,0,3
284,3,7,3,2,0,3
285,3,7,3,2,0,3
286,3,7,3,2,0,3
287,3,7,3,2,0,3
288,3,7,3,2,0,3
289,3,7,3,2,0,3
290,3,7,3,2,0,3
291,3,7,3,2,0,3
292,3,7,3,2,0,3
293,3,7,3,2,0,3
294,3,7,3,2,0,3
295,3,7,3,2,0,3
296,3,7,3,2,0,3
297,3,7,3,2,0,3
298,3,7,3,2,0,3
299,3,7,3,2,0,3
300,3,7,3,2,0,3
301,3,7,3,2,0,3
302,3,7,3,2,0,3
303,3,7,3,2,0,3
304,3,7,3,2,0,3
305,3,7,3,2,0,3
306,3,7,3,2,0,3
307,3,7,3,2,0,3
308,3,7,3,2,0,3
309,3,7,3,2,0,3
310,3,7,3,2,0,3
311,3,7,3,2,0,3
312,3,7,3,2,0,3
313,3,7,3,2,0,3
314,3,7,3,2,0,3
315,3,7,3,2,0,3
316,3,7,3,2,0,3
317,3,7,3,2,0,3
318,3,7,3,2,0,3
319,3,7,3,2,0,3
320,3,7,3,2,0,3
321,3,7,3,2,0,3
322,3,7,3,2,0,3
323,3,7,3,2,0,3
324,3,7,3,2,0,3
325,3,7,3,2,0,3
326,3,7,3,2,0,3
327,3,7,3,2,0,3
328,3,7,3,2,0,3
329,3,7,3,2,0,3
330,3,7,3,2,0,3
331,3,7,3,2,0,3
332,3,7,3,2,0,3
333,3,7,3,2,0,3
334,3,7,3,2,0,3
335,3,7,3,2,0,3
336,3,7,3,2,0,3
337,3,7,3,2,0,3
338,3,7,3,2,0,3
339,3,7,3,2,0,3
340,3,7,3,2,0,3
341,3,7,3,2,0,3
342,3,7,3,2,0,3
343,3,7,3,2,0,3
344,3,7,3,2,0,3
345,3,7,3,2,0,3
346,3,7,3,2,0,3
347,3,7,3,2,0,3
348,3,7,3,2,0,3
349,3,7,3,2,0,3
350,3,7,3,2,0,3
351,3,7,3,2,0,3
352,3,7,3,2,0,3
353,3,7,3,2,0,3
354,3,7,3,2,0,3
355,3,7,3,2,0,3
356,3,7,3,2,0,3
357,3,7,3,2,0,3
358,3,7,3,2,0,3
359,3,7,3,2,0,3
360,3,7,3,2,0,3
361,3,7,3,2,0,3
362,3,7,3,2,0,3
363,3,7,3,2,0,3
364,3,7,3,2,0,3
365,3,7,3,2,0,3
366,3,7,3,2,0,3
367,3,7,3,2,0,3
368,3,7,3,2,0,3
369,3,7,3,2,0,3
370,3,7,3,2,0,3
371,3,7,3,2,0,3
372,3,7,3,2,0,3
373,3,7,3,2,0,3
374,3,7,3,2,0,3
375,3,7,3,2,0,3
376,3,7,3,2,0,3
377,3,7,3,2,0,3
378,3,7,3,2,0,3
379,3,7,3,2,0,3
380,3,7,3,2,0,3
381,3,7,3,2,0,3
382,3,7,3,2,0,3
383,3,7,3,2,0,3
384,3,7,3,2,0,3
385,3,7,3,2,0,3
386,3,7,3,2,0,3
387,3,7,3,2,0,3
388,3,7,3,2,0,3
389,3,7,3,2,0,3
390,3,7,3,2,0,3
391,3,7,3,2,0,3
392,3,7,3,2,0,3
393,3,7,3,2,0,3
394,3,7,3,2,0,3
395,3,7,3,2,0,3
396,3,7,3,2,0,3
397,3,7,3,2,0,3
398,3,7,3,2,0,3
399,3,7,3,2,0,3
400,3,7,3,2,0,3
401,3,7,3,2,0,3
402,3,7,3,2,0,3
403,3,7,3,2,0,3
404,3,7,3,2,0,3
405,3,7,3,2,0,3
406,3,7,3,2,0,3
407,3,7,3,2,0,3
408,3,7,3,2,0,3
409,3,7,3,2,0,3
410,3,7,3,2,0,3
411,3,7,3,2,0,3
412,3,7,3,2,0,3
413,3,7,3,2,0,3
414,3,7,3,2,0,3
415,3,7,3,2,0,3
416,3,7,3,2,0,3
417,3,7,3,2,0,3
418,3,7,3,2,0,3
419,3,7,3,2,0,3
420,3,7,3,2,0,3
421,3,7,3,2,0,3
422,3,7,3,2,0,3
423,3,7,3,2,0,3
424,3,7,3,2,0,3
425,3,7,3,2,0,3
426,3,7,3,2,0,3
427,3,7,3,2,0,3
428,3,7,3,2,0,3
429,3,7,3,2,0,3
430,3,7,3,2,0,3
431,3,7,3,2,0,3
432,3,7,3,2,0,3
433,3,7,3,2,0,3
434,3,7,3,2,0,3
435,3,7,3,2,0,3
436,3,7,3,2,0,3
437,3,7,3,2,0,3
438,3,7,3,2,0,3
439,3,7,3,2,0,3
440,3,7,3,2,0,3
441,3,7,3,2,0,3
442,3,7,3,2,0,3
443,3,7,3,2,0,3
444,3,7,3,2,0,3
445,3,7,3,2,0,3
446,3,7,3,2,0,3
447,3,7,3,2,0,3
448,3,7,3,2,0,3
449,3,7,3,2,0,3
450,3,7,3,2,0,3
451,3,7,3,2,0,3
452,3,7,3,2,0,3
453,3,7,3,2,0,3
454,3,7,3,2,0,3
455,3,7,3,2,0,3
456,3,7,3,2,0,3
457,3,7,3,2,0,3
458,3,7,3,2,0,3
459,3,7,3,2,0,3
460,3,7,3,2,0,3
461,3,7,3,2,0,3
462,3,7,3,2,0,3
463,3,7,3,2,0,3
464,3,7,3,2,0,3
465,3,7,3,2,0,3
466,3,7,3,2,0,3
467,3,7,3,2,0,3
468,3,7,3,2,0,3
469,3,7,3,2,0,3
470,3,7,3,2,0,3
471,3,7,3,2,0,3
472,3,7,3,2,0,3
473,3,7,3,2,0,3
474,3,7,3,2,0,3
475,3,7,3,2,0,3
476,3,7,3,2,0,3
477,3,7,3,2,0,3
478,3,7,3,2,0,3
479,3,7,3,2,0,3
480,3,7,3,2,0,3
481,3,7,3,2,0,3
482,3,7,3,2,0,3
483,3,7,3,2,0,3
484,3,7,3,2,0,3
485,3,7,3,2,0,3
486,3,7,3,2,0,3
487,3,7,3,2,0,3
488,3,7,3,2,0,3
489,3,7,3,2,0,3
490,3,7,3,2,0,3
491,3,7,3,2,0,3
492,3,7,3,2,0,3
493,3,7,3,2,0,3
494,3,7,3,2,0,3
495,3,7,3,2,0,3
496,3,7,3,2,0,3
497,3,7,3,2,0,3
498,3,7,3,2,0,3
499,3,7,3,2,0,3
500,3,7,3,2,0,3
501,3,7,3,2,0,3
502,3,7,3,2,0,3
503,3,7,3,2,0,3
504,3,7,3,2,0,3
505,3,7,3,2,0,3
506,3,7,3,2,0,3
507,3,7,3,2,0,3
508,3,7,3,2,0,3
509,3,7,3,2,0,3
510,3,7,3,2,0,3
511,3,7,3,2,0,3
512,3,7,3,2,0,3
513,3,7,3,2,0,3
514,3,7,3,2,0,3
515,3,7,3,2,0,3
516,3,7,3,2,0,3
517,3,7,3,2,0,3
518,3,7,3,2,0,3
519,3,7,3,2,0,3
520,3,7,3,2,0,3
521,3,7,3,2,0,3
522,3,7,3,2,0,3
523,3,7,3,2,0,3
524,3,7,3,2,0,3
525,3,7,3,2,0,3
526,3,7,3,2,0,3
527,3,7,3,2,0,3
528,3,7,3,2,0,3
529,3,7,3,2,0,3
530,3,7,3,2,0,3
531,3,7,3,2,0,3
532,3,7,3,2,0,3
533,3,7,3,2,0,3
534,3,7,3,2,0,3
535,3,7,3,2,0,3
536,3,7,3,2,0,3
537,3,7,3,2,0,3
538,3,7,3,2,0,3
539,3,7,3,2,0,3
540,3,7,3,2,0,3
541,3,7,3,2,0,3
542,3,7,3,2,0,3
543,3,7,3,2,0,3
544,3,7,3,2,0,3
545,3,7,3,2,0,3
546,3,7,3,2,0,3
547,3,7,3,2,0,3
548,3,7,3,2,0,3
549,3,7,3,2,0,3
550,3,7,3,2,0,3
551,3,7,3,2,0,3
552,3,7,3,2,0,3
553,3,7,3,2,0,3
554,3,7,3,2,0,3
555,3,7,3,2,0,3
556,3,7,3,2,0,3
557,3,7,3,2,0,3
558,3,7,3,2,0,3
559,3,7,3,2,0,3
560,3,7,3,2,0,3
561,3,7,3,2,0,3
562,3,7,3,2,0,3
563,3,7,3,2,0,3
564,3,7,3,2,0,3
565,3,7,3,2,0,3
566,3,7,3,2,0,3
567,3,7,3,2,0,3
568,3,7,3,2,0,3
569,3,7,3,2,0,3
570,3,7,3,2,0,3
571,3,7,3,2,0,3
572,3,7,3,2,0,3
573,3,7,3,2,0,3
574,3,7,3,2,0,3
575,3,7,3,2,0,3
576,3,7,3,2,0,3
577,3,7,3,2,0,3
578,3,7,3,2,0,3
579,3,7,3,2,0,3
580,3,7,3,2,0,3
581,3,7,3,2,0,3
582,3,7,3,2,0,3
583,3,7,3,2,0,3
584,3,7,3,2,0,3
585,3,7,3,2,0,3
586,3,7,3,2,0,3
587,3,7,3,2,0,3
588,3,7,3,2,0,3
589,3,7,3,2,0,3
590,3,7,3,2,0,3
591,3,7,3,2,0,3
592,3,7,3,2,0,3
593,3,7,3,2,0,3
594,3,7,3,2,0,3
595,3,7,3,2,0,3
596,3,7,3,2,0,3
597,3,7,3,2,0,3
598,3,7,3,2,0,3
599,3,7,3,2,0,3
600,3,7,3,2,0,3
601,3,7,3,2,0,3
602,3,7,3,2,0,3
603,3,7,3,2,0,3
604,3,7,3,2,0,3
605,3,7,3,2,0,3
606,3,7,3,2,0,3
607,3,7,3,2,0,3
608,3,7,3,2,0,3
609,3,7,3,2,0,3
610,3,7,3,2,0,3
611,3,7,3,2,0,3
612,3,7,3,2,0,3
613,3,7,3,2,0,3
614,3,7,3,2,0,3
615,3,7,3,2,0,3
616,3,7,3,2,0,3
617,3,7,3,2,0,3
618,3,7,3,2,0,3
619,3,7,3,2,0,3
620,3,7,3,2,0,3
621,3,7,3,2,0,3
622,3,7,3,2,0,3
623,3,7,3,2,0,3
624,3,7,3,2,0,3
625,3,7,3,2,0,3
626,3,7,3,2,0,3
627,3,7,3,2,0,3
628,3,7,3,2,0,3
629,3,7,3,2,0,3
630,3,7,3,2,0,3
631,3,7,3,2,0,3
632,3,7,3,2,0,3
633,3,7,3,2,0,3
634,3,7,3,2,0,3
635,3,7,3,2,0,3
636,3,7,3,2,0,3
637,3,7,3,2,0,3
638,3,7,3,2,0,3
639,3,7,3,2,0,3
640,3,7,3,2,0,3
641,3,7,3,2,0,3
642,3,7,3,2,0,3
643,3,7,3,2,0,3
644,3,7,3,2,0,3
645,3,7,3,2,0,3
646,3,7,3,2,0,3
647,3,7,3,2,0,3
648,3,7,3,2,0,3
649,3,7,3,2,0,3
650,3,7,3,2,0,3
651,3,7,3,2,0,3
652,3,7,3,2,0,3
653,3,7,3,2,0,3
654,3,7,3,2,0,3
655,3,7,3,2,0,3
656,3,7,3,2,0,3
657,3,7,3,2,0,3
658,3,7,3,2,0,3
659,3,7,3,2,0,3
660,3,7,3,2,0,3
661,3,7,3,2,0,3
662,3,7,3,2,0,3
663,3,7,3,2,0,3
664,3,7,3,2,0,3
665,3,7,3,2,0,3
666,3,7,3,2,0,3
667,3,7,3,2,0,3
668,3,7,3,2,0,3
669,3,7,3,2,0,3
670,3,7,3,2,0,3
671,3,7,3,2,0,3
672,3,7,3,2,0,3
673,3,7,3,2,0,3
674,3,7,3,2,0,3
675,3,7,3,2,0,3
676,3,7,3,2,0,3
677,3,7,3,2,0,3
678,3,7,3,2,0,3
679,3,7,3,2,0,3
680,3,7,3,2,0,3
681,3,7,3,2,0,3
682,3,7,3,2,0,3
683,3,7,3,2,0,3
684,3,7,3,2,0,3
685,3,7,3,2,0,3
686,3,7,3,2,0,3
687,3,7,3,2,0,3
688,3,7,3,2,0,3
689,3,7,3,2,0,3
690,3,7,3,2,0,3
691,3,7,3,2,0,3
692,3,7,3,2,0,3
693,3,7,3,2,0,3
694,3,7,3,2,0,3
695,3,7,3,2,0,3
696,3,7,3,2,0,3
697,3,7,3,2,0,3
698,3,7,3,2,0,3
699,3,7,3,2,0,3
700,3,7,3,2,0,3
701,3,7,3,2,0,3
702,3,7,3,2,0,3
703,3,7,3,2,0,3
704,3,7,3,2,0,3
705,3,7,3,2,0,3
706,3,7,3,2,0,3
707,3,7,3,2,0,3
708,3,7,3,2,0,3
709,3,7,3,2,0,3
710,3,7,3,2,0,3
711,3,7,3,2,0,3
712,3,7,3,2,0,3
713,3,7,3,2,0,3
714,3,7,3,2,0,3
715,3,7,3,2,0,3
716,3,7,3,2,0,3
717,3,7,3,2,0,3
718,3,7,3,2,0,3
719,3,7,3,2,0,3
720,3,7,3,2,0,3
721,3,7,3,2,0,3
722,3,7,3,2,0,3
723,3,7,3,2,0,3
724,3,7,3,2,0,3
725,3,7,3,2,0,3
726,3,7,3,2,0,3
727,3,7,3,2,0,3
728,3,7,3,2,0,3
729,3,7,3,2,0,3
730,3,7,3,2,0,3
731,3,7,3,2,0,3
732,3,7,3,2,0,3
733,3,7,3,2,0,3
734,3,7,3,2,0,3
735,3,7,3,2,0,3
736,3,7,3,2,0,3
737,3,7,3,2,0,3
738,3,7,3,2,0,3
739,3,7,3,2,0,3
740,3,7,3,2,0,3
741,3,7,3,2,0,3
742,3,7,3,2,0,3
743,3,7,3,2,0,3
744,3,7,3,2,0,3
745,3,7,3,2,0,3
746,3,7,3,2,0,3
747,3,7,3,2,0,3
748,3,7,3,2,0,3
749,3,7,3,2,0,3
750,3,7,3,2,0,3
751,3,7,3,2,0,3
752,3,7,3,2,0,3
753,3,7,3,2,0,3
754,3,7,3,2,0,3
755,3,7,3,2,0,3
756,3,7,3,2,0,3
757,3,7,3,2,0,3
758,3,7,3,2,0,3
759,3,7,3,2,0,3
760,3,7,3,2,0,3
761,3,7,3,2,0,3
762,3,7,3,2,0,3
763,3,7,3,2,0,3
764,3,7,3,2,0,3
765,3,7,3,2,0,3
766,3,7,3,2,0,3
767,3,7,3,2,0,3
768,3,7,3,2,0,3
769,3,7,3,2,0,3
770,3,7,3,2,0,3
771,3,7,3,2,0,3
772,3,7,3,2,0,3
773,3,7,3,2,0,3
774,3,7,3,2,0,3
775,3,7,3,2,0,3
776,3,7,3,2,0,3
777,3,7,3,2,0,3
778,3,7,3,2,0,3
779,3,7,3,2,0,3
780,3,7,3,2,0,3
781,3,7,3,2,0,3
782,3,7,3,2,0,3
783,3,7,3,2,0,3
784,3,7,3,2,0,3
785,3,7,3,2,0,3
786,3,7,3,2,0,3
787,3,7,3,2,0,3
788,3,7,3,2,0,3
789,3,7,3,2,0,3
790,3,7,3,2,0,3
791,3,7,3,2,0,3
792,3,7,3,2,0,3
793,3,7,3,2,0,3
794,3,7,3,2,0,3
795,3,7,3,2,0,3
796,3,7,3,2,0,3
797,3,7,3,2,0,3
798,3,7,3,2,0,3
799,3,7,3,2,0,3
800,3,7,3,2,0,3
801,3,7,3,2,0,3
802,3,7,3,2,0,3
803,3,7,3,2,0,3
804,3,7,3,2,0,3
805,3,7,3,2,0,3
806,3,7,3,2,0,3
807,3,7,3,2,0,3
808,3,7,3,2,0,3
809,3,7,3,2,0,3
810,3,7,3,2,0,3
811,3,7,3,2,0,3
812,3,7,3,2,0,3
813,3,7,3,2,0,3
814,3,7,3,2,0,3
815,3,7,3,2,0,3
816,3,7,3,2,0,3
817,3,7,3,2,0,3
818,3,7,3,2,0,3
819,3,7,3,2,0,3
820,3,7,3,2,0,3
821,3,7,3,2,0,3
822,3,7,3,2,0,3
823,3,7,3,2,0,3
824,3,7,3,2,0,3
825,3,7,3,2,0,3
826,3,7,3,2,0,3
827,3,7,3,2,0,3
828,3,7,3,2,0,3
829,3,7,3,2,0,3
830,3,7,3,2,0,3
831,3,7,3,2,0,3
832,3,7,3,2,0,3
833,3,7,3,2,0,3
834,3,7,3,2,0,3
835,3,7,3,2,0,3
836,3,7,3,2,0,3
837,3,7,3,2,0,3
838,3,7,3,2,0,3
839,3,7,3,2,0,3
840,3,7,3,2,0,3
841,3,7,3,2,0,3
842,3,7,3,2,0,3
843,3,7,3,2,0,3
844,3,7,3,2,0,3
845,3,7,3,2,0,3
846,3,7,3,2,0,3
847,3,7,3,2,0,3
848,3,7,3,2,0,3
849,3,7,3,2,0,3
850,3,7,3,2,0,3
851,3,7,3,2,0,3
852,3,7,3,2,0,3
853,3,7,3,2,0,3
854,3,7,3,2,0,3
855,3,7,3,2,0,3
856,3,7,3,2,0,3
857,3,7,3,2,0,3
858,3,7,3,2,0,3
859,3,7,3,2,0,3
860,3,7,3,2,0,3
861,3,7,3,2,0,3
862,3,7,3,2,0,3
863,3,7,3,2,0,3
864,3,7,3,2,0,3
865,3,7,3,2,0,3
866,3,7,3,2,0,3
867,3,7,3,2,0,3
868,3,7,3,2,0,3
869,3,7,3,2,0,3
870,3,7,3,2,0,3
871,3,7,3,2,0,3
872,3,7,3,2,0,3
873,3,7,3,2,0,3
874,3,7,3,2,0,3
875,3,7,3,2,0,3
876,3,7,3,2,0,3
877,3,7,3,2,0,3
878,3,7,3,2,0,3
879,3,7,3,2,0,3
880,3,7,3,2,0,3
881,3,7,3,2,0,3
882,3,7,3,2,0,3
883,3,7,3,2,0,3
884,3,7,3,2,0,3
885,3,7,3,2,0,3
886,3,7,3,2,0,3
887,3,7,3,2,0,3
888,3,7,3,2,0,3
889,3,7,3,2,0,3
890,3,7,3,2,0,3
891,3,7,3,2,0,3
892,3,7,3,2,0,3
893,3,7,3,2,0,3
894,3,7,3,2,0,3
895,3,7,3,2,0,3
896,3,7,3,2,0,3
897,3,7,3,2,0,3
898,3,7,3,2,0,3
899,3,7,3,2,0,3
900,3,7,3,2,0,3
901,3,7,3,2,0,3
902,3,7,3,2,0,3
903,3,7,3,2,0,3
904,3,7,3,2,0,3
905,3,7,3,2,0,3
906,3,7,3,2,0,3
907,3,7,3,2,0,3
908,3,7,3,2,0,3
909,3,7,3,2,0,3
910,3,7,3,2,0,3
911,3,7,3,2,0,3
912,3,7,3,2,0,3
913,3,7,3,2,0,3
914,3,7,3,2,0,3
915,3,7,3,2,0,3
916,3,7,3,2,0,3
917,3,7,3,2,0,3
918,3,7,3,2,0,3
919,3,7,3,2,0,3
920,3,7,3,2,0,3
921,3,7,3,2,0,3
922,3,7,3,2,0,3
923,3,7,3,2,0,3
924,3,7,3,2,0,3
925,3,7,3,2,0,3
926,3,7,3,2,0,3
927,3,7,3,2,0,3
928,3,7,3,2,0,3
929,3,7,3,2,0,3
930,3,7,3,2,0,3
931,3,7,3,2,0,3
932,3,7,3,2,0,3
933,3,7,3,2,0,3
934,3,7,3,2,0,3
935,3,7,3,2,0,3
936,3,7,3,2,0,3
937,3,7,3,2,0,3
938,3,7,3,2,0,3
939,3,7,3,2,0,3
940,3,7,3,2,0,3
941,3,7,3,2,0,3
942,3,7,3,2,0,3
943,3,7,3,2,0,3
944,3,7,3,2,0,3
945,3,7,3,2,0,3
946,3,7,3,2,0,3
947,3,7,3,2,0,3
948,3,7,3,2,0,3
949,3,7,3,2,0,3
950,3,7,3,2,0,3
951,3,7,3,2,0,3
952,3,7,3,2,0,3
953,3,7,3,2,0,3
954,3,7,3,2,0,3
955,3,7,3,2,0,3
956,3,7,3,2,0,3
957,3,7,3,2,0,3
958,3,7,3,2,0,3
959,3,7,3,2,0,3
960,3,7,3,2,0,3
961,3,7,3,2,0,3
962,3,7,3,2,0,3
963,3,7,3,2,0,3
964,3,7,3,2,0,3
965,3,7,3,2,0,3
966,3,7,3,2,0,3
967,3,7,3,2,0,3
968,3,7,3,2,0,3
969,3,7,3,2,0,3
970,3,7,3,2,0,3
971,3,7,3,2,0,3
972,3,7,3,2,0,3
973,3,7,3,2,0,3
974,3,7,3,2,0,3
975,3,7,3,2,0,3
976,3,7,3,2,0,3
977,3,7,3,2,0,3
978,3,7,3,2,0,3
979,3,7,3,2,0,3
980,3,7,3,2,0,3
981,3,7,3,2,0,3
982,3,7,3,2,0,3
983,3,7,3,2,0,3
984,3,7,3,2,0,3
985,3,7,3,2,0,3
986,3,7,3,2,0,3
987,3,7,3,2,0,3
988,3,7,3,2,0,3
989,3,7,3,2,0,3
990,3,7,3,2,0,3
991,3,7,3,2,0,3
992,3,7,3,2,0,3
993,3,7,3,2,0,3
994,3,7,3,2,0,3
995,3,7,3,2,0,3
996,3,7,3,2,0,3
997,3,7,3,2,0,3
998,3,7,3,2,0,3
999,3,7,3,2,0,3
1000,3,7,3,2,0,3
